[
    {
        "datetime": 1751212932,
        "temp": 26.0,
        "weatherPic": "cloudy",
        "sunrise": 1751234339,
        "sunset": 1751283069,
        "weatherPicName": "多云",
        "sunshineDuration": 48730
    },
    {
        "datetime": 1751223838,
        "temp": 25.0,
        "weatherPic": "cloudy",
        "sunrise": 1751234339,
        "sunset": 1751283069,
        "weatherPicName": "多云",
        "sunshineDuration": 48730
    },
    {
        "datetime": 1751234449,
        "temp": 25.0,
        "weatherPic": "cloudy",
        "sunrise": 1751234339,
        "sunset": 1751283069,
        "weatherPicName": "多云",
        "sunshineDuration": 48730
    },
    {
        "datetime": 1751245476,
        "temp": 26.0,
        "weatherPic": "cloudy",
        "sunrise": 1751234339,
        "sunset": 1751283069,
        "weatherPicName": "多云",
        "sunshineDuration": 48730
    },
    {
        "datetime": 1751256191,
        "temp": 30.0,
        "weatherPic": "cloudy",
        "sunrise": 1751234339,
        "sunset": 1751283069,
        "weatherPicName": "多云",
        "sunshineDuration": 48730
    },
    {
        "datetime": 1751277709,
        "temp": 29.0,
        "weatherPic": "rainy-s",
        "sunrise": 1751234339,
        "sunset": 1751283069,
        "weatherPicName": "大雨",
        "sunshineDuration": 48730
    },
    {
        "datetime": 1751288560,
        "temp": 26.0,
        "weatherPic": "cloudy",
        "sunrise": 1751234339,
        "sunset": 1751283069,
        "weatherPicName": "多云",
        "sunshineDuration": 48730
    }
]