[
    {
        "datetime": 1748102574,
        "temp": 20.0,
        "weatherPic": "cloudy",
        "sunrise": 1748123832,
        "sunset": 1748172008,
        "weatherPicName": "多云",
        "sunshineDuration": 48176
    },
    {
        "datetime": 1748113306,
        "temp": 21.0,
        "weatherPic": "cloudy",
        "sunrise": 1748123832,
        "sunset": 1748172008,
        "weatherPicName": "多云",
        "sunshineDuration": 48176
    },
    {
        "datetime": 1748124104,
        "temp": 20.0,
        "weatherPic": "cloudy",
        "sunrise": 1748123832,
        "sunset": 1748172008,
        "weatherPicName": "多云",
        "sunshineDuration": 48176
    },
    {
        "datetime": 1748135131,
        "temp": 20.0,
        "weatherPic": "cloudy",
        "sunrise": 1748123832,
        "sunset": 1748172008,
        "weatherPicName": "多云",
        "sunshineDuration": 48176
    },
    {
        "datetime": 1748145802,
        "temp": 21.0,
        "weatherPic": "cloudy",
        "sunrise": 1748123832,
        "sunset": 1748172008,
        "weatherPicName": "多云",
        "sunshineDuration": 48176
    },
    {
        "datetime": 1748156524,
        "temp": 21.0,
        "weatherPic": "cloudy",
        "sunrise": 1748123832,
        "sunset": 1748172008,
        "weatherPicName": "多云",
        "sunshineDuration": 48176
    },
    {
        "datetime": 1748167458,
        "temp": 20.0,
        "weatherPic": "cloudy",
        "sunrise": 1748123832,
        "sunset": 1748172008,
        "weatherPicName": "多云",
        "sunshineDuration": 48176
    },
    {
        "datetime": 1748178311,
        "temp": 19.0,
        "weatherPic": "cloudy",
        "sunrise": 1748123832,
        "sunset": 1748172008,
        "weatherPicName": "多云",
        "sunshineDuration": 48176
    }
]