[
    {
        "datetime": 1749139526,
        "temp": 26.0,
        "weatherPic": "cloudy",
        "sunrise": 1749160525,
        "sunset": 1749209120,
        "weatherPicName": "多云",
        "sunshineDuration": 48595
    },
    {
        "datetime": 1749150262,
        "temp": 26.0,
        "weatherPic": "cloudy",
        "sunrise": 1749160525,
        "sunset": 1749209120,
        "weatherPicName": "多云",
        "sunshineDuration": 48595
    },
    {
        "datetime": 1749160877,
        "temp": 25.0,
        "weatherPic": "cloudy",
        "sunrise": 1749160525,
        "sunset": 1749209120,
        "weatherPicName": "多云",
        "sunshineDuration": 48595
    },
    {
        "datetime": 1749171967,
        "temp": 28.0,
        "weatherPic": "cloudy",
        "sunrise": 1749160525,
        "sunset": 1749209120,
        "weatherPicName": "多云",
        "sunshineDuration": 48595
    },
    {
        "datetime": 1749182521,
        "temp": 31.0,
        "weatherPic": "cloudy",
        "sunrise": 1749160525,
        "sunset": 1749209120,
        "weatherPicName": "多云",
        "sunshineDuration": 48595
    },
    {
        "datetime": 1749193357,
        "temp": 33.0,
        "weatherPic": "cloudy",
        "sunrise": 1749160525,
        "sunset": 1749209120,
        "weatherPicName": "多云",
        "sunshineDuration": 48595
    },
    {
        "datetime": 1749204290,
        "temp": 32.0,
        "weatherPic": "cloudy",
        "sunrise": 1749160525,
        "sunset": 1749209120,
        "weatherPicName": "多云",
        "sunshineDuration": 48595
    }
]