[
    {
        "datetime": 1744473837,
        "temp": 18.0,
        "weatherPic": "cloudy",
        "sunrise": 1744496568,
        "sunset": 1744542066,
        "weatherPicName": "多云",
        "sunshineDuration": 45498
    },
    {
        "datetime": 1744484569,
        "temp": 18.0,
        "weatherPic": "cloudy",
        "sunrise": 1744496568,
        "sunset": 1744542066,
        "weatherPicName": "多云",
        "sunshineDuration": 45498
    },
    {
        "datetime": 1744495373,
        "temp": 17.0,
        "weatherPic": "cloudy",
        "sunrise": 1744496568,
        "sunset": 1744542066,
        "weatherPicName": "多云",
        "sunshineDuration": 45498
    },
    {
        "datetime": 1744506266,
        "temp": 18.0,
        "weatherPic": "rainy-s",
        "sunrise": 1744496568,
        "sunset": 1744542066,
        "weatherPicName": "大雨",
        "sunshineDuration": 45498
    },
    {
        "datetime": 1744517092,
        "temp": 19.0,
        "weatherPic": "cloudy",
        "sunrise": 1744496568,
        "sunset": 1744542066,
        "weatherPicName": "多云",
        "sunshineDuration": 45498
    },
    {
        "datetime": 1744527830,
        "temp": 22.0,
        "weatherPic": "cloudy",
        "sunrise": 1744496568,
        "sunset": 1744542066,
        "weatherPicName": "多云",
        "sunshineDuration": 45498
    },
    {
        "datetime": 1744538706,
        "temp": 20.0,
        "weatherPic": "cloudy",
        "sunrise": 1744496568,
        "sunset": 1744542066,
        "weatherPicName": "多云",
        "sunshineDuration": 45498
    },
    {
        "datetime": 1744549476,
        "temp": 18.0,
        "weatherPic": "cloudy",
        "sunrise": 1744496568,
        "sunset": 1744542066,
        "weatherPicName": "多云",
        "sunshineDuration": 45498
    }
]