[
    {
        "datetime": 1748966535,
        "temp": 26.0,
        "weatherPic": "cloudy",
        "sunrise": 1748987732,
        "sunset": 1749036272,
        "weatherPicName": "多云",
        "sunshineDuration": 48540
    },
    {
        "datetime": 1748977438,
        "temp": 25.0,
        "weatherPic": "cloudy",
        "sunrise": 1748987732,
        "sunset": 1749036272,
        "weatherPicName": "多云",
        "sunshineDuration": 48540
    },
    {
        "datetime": 1748988086,
        "temp": 25.0,
        "weatherPic": "cloudy",
        "sunrise": 1748987732,
        "sunset": 1749036272,
        "weatherPicName": "多云",
        "sunshineDuration": 48540
    },
    {
        "datetime": 1748999000,
        "temp": 28.0,
        "weatherPic": "cloudy",
        "sunrise": 1748987732,
        "sunset": 1749036272,
        "weatherPicName": "多云",
        "sunshineDuration": 48540
    },
    {
        "datetime": 1749009873,
        "temp": 31.0,
        "weatherPic": "cloudy",
        "sunrise": 1748987732,
        "sunset": 1749036272,
        "weatherPicName": "多云",
        "sunshineDuration": 48540
    },
    {
        "datetime": 1749020696,
        "temp": 31.0,
        "weatherPic": "cloudy",
        "sunrise": 1748987732,
        "sunset": 1749036272,
        "weatherPicName": "多云",
        "sunshineDuration": 48540
    },
    {
        "datetime": 1749031364,
        "temp": 31.0,
        "weatherPic": "cloudy",
        "sunrise": 1748987732,
        "sunset": 1749036272,
        "weatherPicName": "多云",
        "sunshineDuration": 48540
    },
    {
        "datetime": 1749042305,
        "temp": 28.0,
        "weatherPic": "cloudy",
        "sunrise": 1748987732,
        "sunset": 1749036272,
        "weatherPicName": "多云",
        "sunshineDuration": 48540
    }
]