[
    {
        "datetime": 1750003478,
        "temp": 27.0,
        "weatherPic": "cloudy",
        "sunrise": 1750024552,
        "sunset": 1750073322,
        "weatherPicName": "多云",
        "sunshineDuration": 48770
    },
    {
        "datetime": 1750014218,
        "temp": 26.0,
        "weatherPic": "cloudy",
        "sunrise": 1750024552,
        "sunset": 1750073322,
        "weatherPicName": "多云",
        "sunshineDuration": 48770
    },
    {
        "datetime": 1750024859,
        "temp": 26.0,
        "weatherPic": "rainy-s",
        "sunrise": 1750024552,
        "sunset": 1750073322,
        "weatherPicName": "大雨",
        "sunshineDuration": 48770
    },
    {
        "datetime": 1750035738,
        "temp": 27.0,
        "weatherPic": "rainy-s",
        "sunrise": 1750024552,
        "sunset": 1750073322,
        "weatherPicName": "大雨",
        "sunshineDuration": 48770
    },
    {
        "datetime": 1750046693,
        "temp": 28.0,
        "weatherPic": "cloudy",
        "sunrise": 1750024552,
        "sunset": 1750073322,
        "weatherPicName": "多云",
        "sunshineDuration": 48770
    },
    {
        "datetime": 1750068110,
        "temp": 25.0,
        "weatherPic": "rainy-s",
        "sunrise": 1750024552,
        "sunset": 1750073322,
        "weatherPicName": "大雨",
        "sunshineDuration": 48770
    },
    {
        "datetime": 1750079105,
        "temp": 25.0,
        "weatherPic": "rainy-s",
        "sunrise": 1750024552,
        "sunset": 1750073322,
        "weatherPicName": "大雨",
        "sunshineDuration": 48770
    }
]