[
    {
        "datetime": 1749657790,
        "temp": 26.0,
        "weatherPic": "cloudy",
        "sunrise": 1749678929,
        "sunset": 1749727650,
        "weatherPicName": "多云",
        "sunshineDuration": 48721
    },
    {
        "datetime": 1749668656,
        "temp": 25.0,
        "weatherPic": "rainy-s",
        "sunrise": 1749678929,
        "sunset": 1749727650,
        "weatherPicName": "大雨",
        "sunshineDuration": 48721
    },
    {
        "datetime": 1749679277,
        "temp": 24.0,
        "weatherPic": "rainy-s",
        "sunrise": 1749678929,
        "sunset": 1749727650,
        "weatherPicName": "大雨",
        "sunshineDuration": 48721
    },
    {
        "datetime": 1749690252,
        "temp": 27.0,
        "weatherPic": "cloudy",
        "sunrise": 1749678929,
        "sunset": 1749727650,
        "weatherPicName": "多云",
        "sunshineDuration": 48721
    },
    {
        "datetime": 1749700924,
        "temp": 28.0,
        "weatherPic": "cloudy",
        "sunrise": 1749678929,
        "sunset": 1749727650,
        "weatherPicName": "多云",
        "sunshineDuration": 48721
    },
    {
        "datetime": 1749711774,
        "temp": 30.0,
        "weatherPic": "cloudy",
        "sunrise": 1749678929,
        "sunset": 1749727650,
        "weatherPicName": "多云",
        "sunshineDuration": 48721
    },
    {
        "datetime": 1749722726,
        "temp": 28.0,
        "weatherPic": "cloudy",
        "sunrise": 1749678929,
        "sunset": 1749727650,
        "weatherPicName": "多云",
        "sunshineDuration": 48721
    },
    {
        "datetime": 1749733363,
        "temp": 26.0,
        "weatherPic": "cloudy",
        "sunrise": 1749678929,
        "sunset": 1749727650,
        "weatherPicName": "多云",
        "sunshineDuration": 48721
    }
]