[
    {
        "datetime": 1750521885,
        "temp": 26.0,
        "weatherPic": "cloudy",
        "sunrise": 1750543013,
        "sunset": 1750591808,
        "weatherPicName": "多云",
        "sunshineDuration": 48795
    },
    {
        "datetime": 1750532646,
        "temp": 25.0,
        "weatherPic": "cloudy",
        "sunrise": 1750543013,
        "sunset": 1750591808,
        "weatherPicName": "多云",
        "sunshineDuration": 48795
    },
    {
        "datetime": 1750543281,
        "temp": 25.0,
        "weatherPic": "cloudy",
        "sunrise": 1750543013,
        "sunset": 1750591808,
        "weatherPicName": "多云",
        "sunshineDuration": 48795
    },
    {
        "datetime": 1750554106,
        "temp": 28.0,
        "weatherPic": "cloudy",
        "sunrise": 1750543013,
        "sunset": 1750591808,
        "weatherPicName": "多云",
        "sunshineDuration": 48795
    },
    {
        "datetime": 1750565158,
        "temp": 30.0,
        "weatherPic": "cloudy",
        "sunrise": 1750543013,
        "sunset": 1750591808,
        "weatherPicName": "多云",
        "sunshineDuration": 48795
    },
    {
        "datetime": 1750575729,
        "temp": 31.0,
        "weatherPic": "rainy-s",
        "sunrise": 1750543013,
        "sunset": 1750591808,
        "weatherPicName": "大雨",
        "sunshineDuration": 48795
    },
    {
        "datetime": 1750586538,
        "temp": 30.0,
        "weatherPic": "rainy-s",
        "sunrise": 1750543013,
        "sunset": 1750591808,
        "weatherPicName": "大雨",
        "sunshineDuration": 48795
    },
    {
        "datetime": 1750597525,
        "temp": 27.0,
        "weatherPic": "cloudy",
        "sunrise": 1750543013,
        "sunset": 1750591808,
        "weatherPicName": "多云",
        "sunshineDuration": 48795
    }
]