[
    {
        "datetime": 1748188948,
        "temp": 17.0,
        "weatherPic": "cloudy",
        "sunrise": 1748210218,
        "sunset": 1748258436,
        "weatherPicName": "多云",
        "sunshineDuration": 48218
    },
    {
        "datetime": 1748199867,
        "temp": 17.0,
        "weatherPic": "cloudy",
        "sunrise": 1748210218,
        "sunset": 1748258436,
        "weatherPicName": "多云",
        "sunshineDuration": 48218
    },
    {
        "datetime": 1748210494,
        "temp": 18.0,
        "weatherPic": "cloudy",
        "sunrise": 1748210218,
        "sunset": 1748258436,
        "weatherPicName": "多云",
        "sunshineDuration": 48218
    },
    {
        "datetime": 1748221494,
        "temp": 20.0,
        "weatherPic": "cloudy",
        "sunrise": 1748210218,
        "sunset": 1748258436,
        "weatherPicName": "多云",
        "sunshineDuration": 48218
    },
    {
        "datetime": 1748232241,
        "temp": 24.0,
        "weatherPic": "cloudy",
        "sunrise": 1748210218,
        "sunset": 1748258436,
        "weatherPicName": "多云",
        "sunshineDuration": 48218
    },
    {
        "datetime": 1748243122,
        "temp": 23.0,
        "weatherPic": "cloudy",
        "sunrise": 1748210218,
        "sunset": 1748258436,
        "weatherPicName": "多云",
        "sunshineDuration": 48218
    },
    {
        "datetime": 1748253781,
        "temp": 22.0,
        "weatherPic": "cloudy",
        "sunrise": 1748210218,
        "sunset": 1748258436,
        "weatherPicName": "多云",
        "sunshineDuration": 48218
    },
    {
        "datetime": 1748264725,
        "temp": 21.0,
        "weatherPic": "cloudy",
        "sunrise": 1748210218,
        "sunset": 1748258436,
        "weatherPicName": "多云",
        "sunshineDuration": 48218
    }
]