[
    {
        "datetime": 1752508837,
        "temp": 27.0,
        "weatherPic": "cloudy",
        "sunrise": 1752530677,
        "sunset": 1752579002,
        "weatherPicName": "多云",
        "sunshineDuration": 48325
    },
    {
        "datetime": 1752519627,
        "temp": 27.0,
        "weatherPic": "cloudy",
        "sunrise": 1752530677,
        "sunset": 1752579002,
        "weatherPicName": "多云",
        "sunshineDuration": 48325
    },
    {
        "datetime": 1752530646,
        "temp": 26.0,
        "weatherPic": "cloudy",
        "sunrise": 1752530677,
        "sunset": 1752579002,
        "weatherPicName": "多云",
        "sunshineDuration": 48325
    },
    {
        "datetime": 1752541546,
        "temp": 29.0,
        "weatherPic": "cloudy",
        "sunrise": 1752530677,
        "sunset": 1752579002,
        "weatherPicName": "多云",
        "sunshineDuration": 48325
    },
    {
        "datetime": 1752552248,
        "temp": 31.0,
        "weatherPic": "rainy-s",
        "sunrise": 1752530677,
        "sunset": 1752579002,
        "weatherPicName": "大雨",
        "sunshineDuration": 48325
    },
    {
        "datetime": 1752562900,
        "temp": 33.0,
        "weatherPic": "cloudy",
        "sunrise": 1752530677,
        "sunset": 1752579002,
        "weatherPicName": "多云",
        "sunshineDuration": 48325
    },
    {
        "datetime": 1752573669,
        "temp": 31.0,
        "weatherPic": "cloudy",
        "sunrise": 1752530677,
        "sunset": 1752579002,
        "weatherPicName": "多云",
        "sunshineDuration": 48325
    },
    {
        "datetime": 1752584661,
        "temp": 29.0,
        "weatherPic": "cloudy",
        "sunrise": 1752530677,
        "sunset": 1752579002,
        "weatherPicName": "多云",
        "sunshineDuration": 48325
    }
]