[
    {
        "datetime": 1746893164,
        "temp": 18.0,
        "weatherPic": "rainy-s",
        "sunrise": 1746914556,
        "sunset": 1746962005,
        "weatherPicName": "大雨",
        "sunshineDuration": 47449
    },
    {
        "datetime": 1746903861,
        "temp": 19.0,
        "weatherPic": "cloudy",
        "sunrise": 1746914556,
        "sunset": 1746962005,
        "weatherPicName": "多云",
        "sunshineDuration": 47449
    },
    {
        "datetime": 1746914659,
        "temp": 18.0,
        "weatherPic": "cloudy",
        "sunrise": 1746914556,
        "sunset": 1746962005,
        "weatherPicName": "多云",
        "sunshineDuration": 47449
    },
    {
        "datetime": 1746925457,
        "temp": 20.0,
        "weatherPic": "cloudy",
        "sunrise": 1746914556,
        "sunset": 1746962005,
        "weatherPicName": "多云",
        "sunshineDuration": 47449
    },
    {
        "datetime": 1746936174,
        "temp": 24.0,
        "weatherPic": "cloudy",
        "sunrise": 1746914556,
        "sunset": 1746962005,
        "weatherPicName": "多云",
        "sunshineDuration": 47449
    },
    {
        "datetime": 1746957897,
        "temp": 25.0,
        "weatherPic": "cloudy",
        "sunrise": 1746914556,
        "sunset": 1746962005,
        "weatherPicName": "多云",
        "sunshineDuration": 47449
    },
    {
        "datetime": 1746968770,
        "temp": 21.0,
        "weatherPic": "cloudy",
        "sunrise": 1746914556,
        "sunset": 1746962005,
        "weatherPicName": "多云",
        "sunshineDuration": 47449
    }
]