[
    {
        "datetime": 1749398535,
        "temp": 27.0,
        "weatherPic": "cloudy",
        "sunrise": 1749419723,
        "sunset": 1749468388,
        "weatherPicName": "多云",
        "sunshineDuration": 48665
    },
    {
        "datetime": 1749409474,
        "temp": 25.0,
        "weatherPic": "cloudy",
        "sunrise": 1749419723,
        "sunset": 1749468388,
        "weatherPicName": "多云",
        "sunshineDuration": 48665
    },
    {
        "datetime": 1749420081,
        "temp": 25.0,
        "weatherPic": "cloudy",
        "sunrise": 1749419723,
        "sunset": 1749468388,
        "weatherPicName": "多云",
        "sunshineDuration": 48665
    },
    {
        "datetime": 1749430971,
        "temp": 27.0,
        "weatherPic": "cloudy",
        "sunrise": 1749419723,
        "sunset": 1749468388,
        "weatherPicName": "多云",
        "sunshineDuration": 48665
    },
    {
        "datetime": 1749441958,
        "temp": 30.0,
        "weatherPic": "cloudy",
        "sunrise": 1749419723,
        "sunset": 1749468388,
        "weatherPicName": "多云",
        "sunshineDuration": 48665
    },
    {
        "datetime": 1749452797,
        "temp": 32.0,
        "weatherPic": "rainy-s",
        "sunrise": 1749419723,
        "sunset": 1749468388,
        "weatherPicName": "大雨",
        "sunshineDuration": 48665
    },
    {
        "datetime": 1749463297,
        "temp": 30.0,
        "weatherPic": "rainy-s",
        "sunrise": 1749419723,
        "sunset": 1749468388,
        "weatherPicName": "大雨",
        "sunshineDuration": 48665
    },
    {
        "datetime": 1749474143,
        "temp": 28.0,
        "weatherPic": "cloudy",
        "sunrise": 1749419723,
        "sunset": 1749468388,
        "weatherPicName": "多云",
        "sunshineDuration": 48665
    }
]