[
    {
        "datetime": 1750176108,
        "temp": 25.0,
        "weatherPic": "cloudy",
        "sunrise": 1750197368,
        "sunset": 1750246154,
        "weatherPicName": "多云",
        "sunshineDuration": 48786
    },
    {
        "datetime": 1750186919,
        "temp": 25.0,
        "weatherPic": "rainy-s",
        "sunrise": 1750197368,
        "sunset": 1750246154,
        "weatherPicName": "大雨",
        "sunshineDuration": 48786
    },
    {
        "datetime": 1750197668,
        "temp": 25.0,
        "weatherPic": "rainy-s",
        "sunrise": 1750197368,
        "sunset": 1750246154,
        "weatherPicName": "大雨",
        "sunshineDuration": 48786
    },
    {
        "datetime": 1750208728,
        "temp": 25.0,
        "weatherPic": "rainy-s",
        "sunrise": 1750197368,
        "sunset": 1750246154,
        "weatherPicName": "大雨",
        "sunshineDuration": 48786
    },
    {
        "datetime": 1750219305,
        "temp": 30.0,
        "weatherPic": "cloudy",
        "sunrise": 1750197368,
        "sunset": 1750246154,
        "weatherPicName": "多云",
        "sunshineDuration": 48786
    },
    {
        "datetime": 1750230373,
        "temp": 29.0,
        "weatherPic": "cloudy",
        "sunrise": 1750197368,
        "sunset": 1750246154,
        "weatherPicName": "多云",
        "sunshineDuration": 48786
    },
    {
        "datetime": 1750241068,
        "temp": 27.0,
        "weatherPic": "cloudy",
        "sunrise": 1750197368,
        "sunset": 1750246154,
        "weatherPicName": "多云",
        "sunshineDuration": 48786
    },
    {
        "datetime": 1750251694,
        "temp": 26.0,
        "weatherPic": "cloudy",
        "sunrise": 1750197368,
        "sunset": 1750246154,
        "weatherPicName": "多云",
        "sunshineDuration": 48786
    }
]