[
    {
        "datetime": 1737399832,
        "temp": 16.0,
        "weatherPic": "sunny",
        "sunrise": 1737415460,
        "sunset": 1737454858,
        "weatherPicName": "晴",
        "sunshineDuration": 39398
    },
    {
        "datetime": 1737410623,
        "temp": 15.0,
        "weatherPic": "sunny",
        "sunrise": 1737415460,
        "sunset": 1737454858,
        "weatherPicName": "晴",
        "sunshineDuration": 39398
    },
    {
        "datetime": 1737421444,
        "temp": 17.0,
        "weatherPic": "sunny",
        "sunrise": 1737415460,
        "sunset": 1737454858,
        "weatherPicName": "晴",
        "sunshineDuration": 39398
    },
    {
        "datetime": 1737432260,
        "temp": 22.0,
        "weatherPic": "sunny",
        "sunrise": 1737415460,
        "sunset": 1737454858,
        "weatherPicName": "晴",
        "sunshineDuration": 39398
    },
    {
        "datetime": 1737443063,
        "temp": 25.0,
        "weatherPic": "sunny",
        "sunrise": 1737415460,
        "sunset": 1737454858,
        "weatherPicName": "晴",
        "sunshineDuration": 39398
    },
    {
        "datetime": 1737453883,
        "temp": 24.0,
        "weatherPic": "sunny",
        "sunrise": 1737415460,
        "sunset": 1737454858,
        "weatherPicName": "晴",
        "sunshineDuration": 39398
    },
    {
        "datetime": 1737464683,
        "temp": 21.0,
        "weatherPic": "sunny",
        "sunrise": 1737415460,
        "sunset": 1737454858,
        "weatherPicName": "晴",
        "sunshineDuration": 39398
    }
]