[
    {
        "datetime": 1747843455,
        "temp": 26.0,
        "weatherPic": "cloudy",
        "sunrise": 1747864684,
        "sunset": 1747912723,
        "weatherPicName": "多云",
        "sunshineDuration": 48039
    },
    {
        "datetime": 1747854150,
        "temp": 25.0,
        "weatherPic": "cloudy",
        "sunrise": 1747864684,
        "sunset": 1747912723,
        "weatherPicName": "多云",
        "sunshineDuration": 48039
    },
    {
        "datetime": 1747865035,
        "temp": 24.0,
        "weatherPic": "cloudy",
        "sunrise": 1747864684,
        "sunset": 1747912723,
        "weatherPicName": "多云",
        "sunshineDuration": 48039
    },
    {
        "datetime": 1747876022,
        "temp": 28.0,
        "weatherPic": "cloudy",
        "sunrise": 1747864684,
        "sunset": 1747912723,
        "weatherPicName": "多云",
        "sunshineDuration": 48039
    },
    {
        "datetime": 1747886579,
        "temp": 32.0,
        "weatherPic": "cloudy",
        "sunrise": 1747864684,
        "sunset": 1747912723,
        "weatherPicName": "多云",
        "sunshineDuration": 48039
    },
    {
        "datetime": 1747897454,
        "temp": 33.0,
        "weatherPic": "cloudy",
        "sunrise": 1747864684,
        "sunset": 1747912723,
        "weatherPicName": "多云",
        "sunshineDuration": 48039
    },
    {
        "datetime": 1747908269,
        "temp": 31.0,
        "weatherPic": "cloudy",
        "sunrise": 1747864684,
        "sunset": 1747912723,
        "weatherPicName": "多云",
        "sunshineDuration": 48039
    },
    {
        "datetime": 1747918990,
        "temp": 28.0,
        "weatherPic": "cloudy",
        "sunrise": 1747864684,
        "sunset": 1747912723,
        "weatherPicName": "多云",
        "sunshineDuration": 48039
    }
]