[
    {
        "datetime": 1746115546,
        "temp": 25.0,
        "weatherPic": "cloudy",
        "sunrise": 1746137272,
        "sunset": 1746184150,
        "weatherPicName": "多云",
        "sunshineDuration": 46878
    },
    {
        "datetime": 1746126161,
        "temp": 24.0,
        "weatherPic": "cloudy",
        "sunrise": 1746137272,
        "sunset": 1746184150,
        "weatherPicName": "多云",
        "sunshineDuration": 46878
    },
    {
        "datetime": 1746137029,
        "temp": 24.0,
        "weatherPic": "cloudy",
        "sunrise": 1746137272,
        "sunset": 1746184150,
        "weatherPicName": "多云",
        "sunshineDuration": 46878
    },
    {
        "datetime": 1746147897,
        "temp": 27.0,
        "weatherPic": "cloudy",
        "sunrise": 1746137272,
        "sunset": 1746184150,
        "weatherPicName": "多云",
        "sunshineDuration": 46878
    },
    {
        "datetime": 1746158693,
        "temp": 30.0,
        "weatherPic": "cloudy",
        "sunrise": 1746137272,
        "sunset": 1746184150,
        "weatherPicName": "多云",
        "sunshineDuration": 46878
    },
    {
        "datetime": 1746169605,
        "temp": 31.0,
        "weatherPic": "cloudy",
        "sunrise": 1746137272,
        "sunset": 1746184150,
        "weatherPicName": "多云",
        "sunshineDuration": 46878
    },
    {
        "datetime": 1746180177,
        "temp": 29.0,
        "weatherPic": "cloudy",
        "sunrise": 1746137272,
        "sunset": 1746184150,
        "weatherPicName": "多云",
        "sunshineDuration": 46878
    },
    {
        "datetime": 1746191037,
        "temp": 27.0,
        "weatherPic": "cloudy",
        "sunrise": 1746137272,
        "sunset": 1746184150,
        "weatherPicName": "多云",
        "sunshineDuration": 46878
    }
]