[
    {
        "datetime": 1736092965,
        "temp": 15.0,
        "weatherPic": "sunny",
        "sunrise": 1736119433,
        "sunset": 1736158223,
        "weatherPicName": "晴",
        "sunshineDuration": 38790
    },
    {
        "datetime": 1736103870,
        "temp": 13.0,
        "weatherPic": "sunny",
        "sunrise": 1736119433,
        "sunset": 1736158223,
        "weatherPicName": "晴",
        "sunshineDuration": 38790
    },
    {
        "datetime": 1736114640,
        "temp": 11.0,
        "weatherPic": "sunny",
        "sunrise": 1736119433,
        "sunset": 1736158223,
        "weatherPicName": "晴",
        "sunshineDuration": 38790
    },
    {
        "datetime": 1736125373,
        "temp": 14.0,
        "weatherPic": "sunny",
        "sunrise": 1736119433,
        "sunset": 1736158223,
        "weatherPicName": "晴",
        "sunshineDuration": 38790
    },
    {
        "datetime": 1736136191,
        "temp": 21.0,
        "weatherPic": "sunny",
        "sunrise": 1736119433,
        "sunset": 1736158223,
        "weatherPicName": "晴",
        "sunshineDuration": 38790
    },
    {
        "datetime": 1736146950,
        "temp": 23.0,
        "weatherPic": "sunny",
        "sunrise": 1736119433,
        "sunset": 1736158223,
        "weatherPicName": "晴",
        "sunshineDuration": 38790
    },
    {
        "datetime": 1736157880,
        "temp": 21.0,
        "weatherPic": "sunny",
        "sunrise": 1736119433,
        "sunset": 1736158223,
        "weatherPicName": "晴",
        "sunshineDuration": 38790
    },
    {
        "datetime": 1736168622,
        "temp": 18.0,
        "weatherPic": "cloudy",
        "sunrise": 1736119433,
        "sunset": 1736158223,
        "weatherPicName": "多云",
        "sunshineDuration": 38790
    }
]