[
    {
        "datetime": 1740931485,
        "temp": 24.0,
        "weatherPic": "cloudy",
        "sunrise": 1740956513,
        "sunset": 1740998736,
        "weatherPicName": "多云",
        "sunshineDuration": 42223
    },
    {
        "datetime": 1740942244,
        "temp": 22.0,
        "weatherPic": "sunny",
        "sunrise": 1740956513,
        "sunset": 1740998736,
        "weatherPicName": "晴",
        "sunshineDuration": 42223
    },
    {
        "datetime": 1740952931,
        "temp": 21.0,
        "weatherPic": "sunny",
        "sunrise": 1740956513,
        "sunset": 1740998736,
        "weatherPicName": "晴",
        "sunshineDuration": 42223
    },
    {
        "datetime": 1740963807,
        "temp": 24.0,
        "weatherPic": "cloudy",
        "sunrise": 1740956513,
        "sunset": 1740998736,
        "weatherPicName": "多云",
        "sunshineDuration": 42223
    },
    {
        "datetime": 1740974622,
        "temp": 30.0,
        "weatherPic": "cloudy",
        "sunrise": 1740956513,
        "sunset": 1740998736,
        "weatherPicName": "多云",
        "sunshineDuration": 42223
    },
    {
        "datetime": 1740985379,
        "temp": 33.0,
        "weatherPic": "sunny",
        "sunrise": 1740956513,
        "sunset": 1740998736,
        "weatherPicName": "晴",
        "sunshineDuration": 42223
    },
    {
        "datetime": 1740996287,
        "temp": 31.0,
        "weatherPic": "sunny",
        "sunrise": 1740956513,
        "sunset": 1740998736,
        "weatherPicName": "晴",
        "sunshineDuration": 42223
    },
    {
        "datetime": 1741007117,
        "temp": 27.0,
        "weatherPic": "sunny",
        "sunrise": 1740956513,
        "sunset": 1740998736,
        "weatherPicName": "晴",
        "sunshineDuration": 42223
    }
]