[
    {
        "datetime": 1738253066,
        "temp": 18.0,
        "weatherPic": "cloudy",
        "sunrise": 1738279312,
        "sunset": 1738319280,
        "weatherPicName": "多云",
        "sunshineDuration": 39968
    },
    {
        "datetime": 1738263795,
        "temp": 18.0,
        "weatherPic": "cloudy",
        "sunrise": 1738279312,
        "sunset": 1738319280,
        "weatherPicName": "多云",
        "sunshineDuration": 39968
    },
    {
        "datetime": 1738274641,
        "temp": 18.0,
        "weatherPic": "cloudy",
        "sunrise": 1738279312,
        "sunset": 1738319280,
        "weatherPicName": "多云",
        "sunshineDuration": 39968
    },
    {
        "datetime": 1738285480,
        "temp": 19.0,
        "weatherPic": "cloudy",
        "sunrise": 1738279312,
        "sunset": 1738319280,
        "weatherPicName": "多云",
        "sunshineDuration": 39968
    },
    {
        "datetime": 1738296220,
        "temp": 22.0,
        "weatherPic": "cloudy",
        "sunrise": 1738279312,
        "sunset": 1738319280,
        "weatherPicName": "多云",
        "sunshineDuration": 39968
    },
    {
        "datetime": 1738307022,
        "temp": 25.0,
        "weatherPic": "cloudy",
        "sunrise": 1738279312,
        "sunset": 1738319280,
        "weatherPicName": "多云",
        "sunshineDuration": 39968
    },
    {
        "datetime": 1738317857,
        "temp": 24.0,
        "weatherPic": "cloudy",
        "sunrise": 1738279312,
        "sunset": 1738319280,
        "weatherPicName": "多云",
        "sunshineDuration": 39968
    },
    {
        "datetime": 1738328654,
        "temp": 22.0,
        "weatherPic": "cloudy",
        "sunrise": 1738279312,
        "sunset": 1738319280,
        "weatherPicName": "多云",
        "sunshineDuration": 39968
    }
]