[
    {
        "datetime": 1746634011,
        "temp": 26.0,
        "weatherPic": "cloudy",
        "sunrise": 1746655453,
        "sunset": 1746702718,
        "weatherPicName": "多云",
        "sunshineDuration": 47265
    },
    {
        "datetime": 1746644538,
        "temp": 25.0,
        "weatherPic": "cloudy",
        "sunrise": 1746655453,
        "sunset": 1746702718,
        "weatherPicName": "多云",
        "sunshineDuration": 47265
    },
    {
        "datetime": 1746655436,
        "temp": 26.0,
        "weatherPic": "cloudy",
        "sunrise": 1746655453,
        "sunset": 1746702718,
        "weatherPicName": "多云",
        "sunshineDuration": 47265
    },
    {
        "datetime": 1746666194,
        "temp": 28.0,
        "weatherPic": "cloudy",
        "sunrise": 1746655453,
        "sunset": 1746702718,
        "weatherPicName": "多云",
        "sunshineDuration": 47265
    },
    {
        "datetime": 1746677057,
        "temp": 31.0,
        "weatherPic": "cloudy",
        "sunrise": 1746655453,
        "sunset": 1746702718,
        "weatherPicName": "多云",
        "sunshineDuration": 47265
    },
    {
        "datetime": 1746687884,
        "temp": 33.0,
        "weatherPic": "cloudy",
        "sunrise": 1746655453,
        "sunset": 1746702718,
        "weatherPicName": "多云",
        "sunshineDuration": 47265
    },
    {
        "datetime": 1746698611,
        "temp": 32.0,
        "weatherPic": "cloudy",
        "sunrise": 1746655453,
        "sunset": 1746702718,
        "weatherPicName": "多云",
        "sunshineDuration": 47265
    }
]