[
    {
        "datetime": 1740758641,
        "temp": 20.0,
        "weatherPic": "cloudy",
        "sunrise": 1740783817,
        "sunset": 1740825882,
        "weatherPicName": "多云",
        "sunshineDuration": 42065
    },
    {
        "datetime": 1740769466,
        "temp": 19.0,
        "weatherPic": "sunny",
        "sunrise": 1740783817,
        "sunset": 1740825882,
        "weatherPicName": "晴",
        "sunshineDuration": 42065
    },
    {
        "datetime": 1740780182,
        "temp": 20.0,
        "weatherPic": "cloudy",
        "sunrise": 1740783817,
        "sunset": 1740825882,
        "weatherPicName": "多云",
        "sunshineDuration": 42065
    },
    {
        "datetime": 1740790960,
        "temp": 21.0,
        "weatherPic": "cloudy",
        "sunrise": 1740783817,
        "sunset": 1740825882,
        "weatherPicName": "多云",
        "sunshineDuration": 42065
    },
    {
        "datetime": 1740801907,
        "temp": 24.0,
        "weatherPic": "cloudy",
        "sunrise": 1740783817,
        "sunset": 1740825882,
        "weatherPicName": "多云",
        "sunshineDuration": 42065
    },
    {
        "datetime": 1740812551,
        "temp": 30.0,
        "weatherPic": "cloudy",
        "sunrise": 1740783817,
        "sunset": 1740825882,
        "weatherPicName": "多云",
        "sunshineDuration": 42065
    },
    {
        "datetime": 1740823363,
        "temp": 30.0,
        "weatherPic": "sunny",
        "sunrise": 1740783817,
        "sunset": 1740825882,
        "weatherPicName": "晴",
        "sunshineDuration": 42065
    },
    {
        "datetime": 1740834203,
        "temp": 25.0,
        "weatherPic": "sunny",
        "sunrise": 1740783817,
        "sunset": 1740825882,
        "weatherPicName": "晴",
        "sunshineDuration": 42065
    }
]