[
    {
        "datetime": 1744646706,
        "temp": 23.0,
        "weatherPic": "cloudy",
        "sunrise": 1744669261,
        "sunset": 1744714913,
        "weatherPicName": "多云",
        "sunshineDuration": 45652
    },
    {
        "datetime": 1744657440,
        "temp": 22.0,
        "weatherPic": "cloudy",
        "sunrise": 1744669261,
        "sunset": 1744714913,
        "weatherPicName": "多云",
        "sunshineDuration": 45652
    },
    {
        "datetime": 1744668187,
        "temp": 21.0,
        "weatherPic": "cloudy",
        "sunrise": 1744669261,
        "sunset": 1744714913,
        "weatherPicName": "多云",
        "sunshineDuration": 45652
    },
    {
        "datetime": 1744679050,
        "temp": 25.0,
        "weatherPic": "cloudy",
        "sunrise": 1744669261,
        "sunset": 1744714913,
        "weatherPicName": "多云",
        "sunshineDuration": 45652
    },
    {
        "datetime": 1744689901,
        "temp": 31.0,
        "weatherPic": "cloudy",
        "sunrise": 1744669261,
        "sunset": 1744714913,
        "weatherPicName": "多云",
        "sunshineDuration": 45652
    },
    {
        "datetime": 1744700686,
        "temp": 33.0,
        "weatherPic": "cloudy",
        "sunrise": 1744669261,
        "sunset": 1744714913,
        "weatherPicName": "多云",
        "sunshineDuration": 45652
    },
    {
        "datetime": 1744711397,
        "temp": 32.0,
        "weatherPic": "cloudy",
        "sunrise": 1744669261,
        "sunset": 1744714913,
        "weatherPicName": "多云",
        "sunshineDuration": 45652
    },
    {
        "datetime": 1744722327,
        "temp": 27.0,
        "weatherPic": "cloudy",
        "sunrise": 1744669261,
        "sunset": 1744714913,
        "weatherPicName": "多云",
        "sunshineDuration": 45652
    }
]