[
    {
        "datetime": 1750694508,
        "temp": 26.0,
        "weatherPic": "cloudy",
        "sunrise": 1750715840,
        "sunset": 1750764629,
        "weatherPicName": "多云",
        "sunshineDuration": 48789
    },
    {
        "datetime": 1750705296,
        "temp": 25.0,
        "weatherPic": "cloudy",
        "sunrise": 1750715840,
        "sunset": 1750764629,
        "weatherPicName": "多云",
        "sunshineDuration": 48789
    },
    {
        "datetime": 1750716038,
        "temp": 25.0,
        "weatherPic": "cloudy",
        "sunrise": 1750715840,
        "sunset": 1750764629,
        "weatherPicName": "多云",
        "sunshineDuration": 48789
    },
    {
        "datetime": 1750727060,
        "temp": 28.0,
        "weatherPic": "cloudy",
        "sunrise": 1750715840,
        "sunset": 1750764629,
        "weatherPicName": "多云",
        "sunshineDuration": 48789
    },
    {
        "datetime": 1750737912,
        "temp": 31.0,
        "weatherPic": "cloudy",
        "sunrise": 1750715840,
        "sunset": 1750764629,
        "weatherPicName": "多云",
        "sunshineDuration": 48789
    },
    {
        "datetime": 1750748694,
        "temp": 32.0,
        "weatherPic": "cloudy",
        "sunrise": 1750715840,
        "sunset": 1750764629,
        "weatherPicName": "多云",
        "sunshineDuration": 48789
    },
    {
        "datetime": 1750759345,
        "temp": 30.0,
        "weatherPic": "cloudy",
        "sunrise": 1750715840,
        "sunset": 1750764629,
        "weatherPicName": "多云",
        "sunshineDuration": 48789
    },
    {
        "datetime": 1750770139,
        "temp": 28.0,
        "weatherPic": "cloudy",
        "sunrise": 1750715840,
        "sunset": 1750764629,
        "weatherPicName": "多云",
        "sunshineDuration": 48789
    }
]