[
    {
        "datetime": 1743005037,
        "temp": 25.0,
        "weatherPic": "cloudy",
        "sunrise": 1743028738,
        "sunset": 1743072893,
        "weatherPicName": "多云",
        "sunshineDuration": 44155
    },
    {
        "datetime": 1743015830,
        "temp": 23.0,
        "weatherPic": "cloudy",
        "sunrise": 1743028738,
        "sunset": 1743072893,
        "weatherPicName": "多云",
        "sunshineDuration": 44155
    },
    {
        "datetime": 1743026663,
        "temp": 22.0,
        "weatherPic": "cloudy",
        "sunrise": 1743028738,
        "sunset": 1743072893,
        "weatherPicName": "多云",
        "sunshineDuration": 44155
    },
    {
        "datetime": 1743037552,
        "temp": 25.0,
        "weatherPic": "cloudy",
        "sunrise": 1743028738,
        "sunset": 1743072893,
        "weatherPicName": "多云",
        "sunshineDuration": 44155
    },
    {
        "datetime": 1743069858,
        "temp": 33.0,
        "weatherPic": "sunny",
        "sunrise": 1743028738,
        "sunset": 1743072893,
        "weatherPicName": "晴",
        "sunshineDuration": 44155
    },
    {
        "datetime": 1743080670,
        "temp": 29.0,
        "weatherPic": "cloudy",
        "sunrise": 1743028738,
        "sunset": 1743072893,
        "weatherPicName": "多云",
        "sunshineDuration": 44155
    }
]