[
    {
        "datetime": 1743091495,
        "temp": 26.0,
        "weatherPic": "cloudy",
        "sunrise": 1743115079,
        "sunset": 1743159315,
        "weatherPicName": "多云",
        "sunshineDuration": 44236
    },
    {
        "datetime": 1743102222,
        "temp": 25.0,
        "weatherPic": "cloudy",
        "sunrise": 1743115079,
        "sunset": 1743159315,
        "weatherPicName": "多云",
        "sunshineDuration": 44236
    },
    {
        "datetime": 1743113029,
        "temp": 24.0,
        "weatherPic": "cloudy",
        "sunrise": 1743115079,
        "sunset": 1743159315,
        "weatherPicName": "多云",
        "sunshineDuration": 44236
    },
    {
        "datetime": 1743123934,
        "temp": 26.0,
        "weatherPic": "cloudy",
        "sunrise": 1743115079,
        "sunset": 1743159315,
        "weatherPicName": "多云",
        "sunshineDuration": 44236
    },
    {
        "datetime": 1743134650,
        "temp": 25.0,
        "weatherPic": "cloudy",
        "sunrise": 1743115079,
        "sunset": 1743159315,
        "weatherPicName": "多云",
        "sunshineDuration": 44236
    },
    {
        "datetime": 1743145461,
        "temp": 22.0,
        "weatherPic": "cloudy",
        "sunrise": 1743115079,
        "sunset": 1743159315,
        "weatherPicName": "多云",
        "sunshineDuration": 44236
    },
    {
        "datetime": 1743156297,
        "temp": 21.0,
        "weatherPic": "cloudy",
        "sunrise": 1743115079,
        "sunset": 1743159315,
        "weatherPicName": "多云",
        "sunshineDuration": 44236
    },
    {
        "datetime": 1743167066,
        "temp": 17.0,
        "weatherPic": "cloudy",
        "sunrise": 1743115079,
        "sunset": 1743159315,
        "weatherPicName": "多云",
        "sunshineDuration": 44236
    }
]