[
    {
        "datetime": 1745597109,
        "temp": 22.0,
        "weatherPic": "cloudy",
        "sunrise": 1745619125,
        "sunset": 1745665588,
        "weatherPicName": "多云",
        "sunshineDuration": 46463
    },
    {
        "datetime": 1745607852,
        "temp": 21.0,
        "weatherPic": "cloudy",
        "sunrise": 1745619125,
        "sunset": 1745665588,
        "weatherPicName": "多云",
        "sunshineDuration": 46463
    },
    {
        "datetime": 1745618628,
        "temp": 21.0,
        "weatherPic": "cloudy",
        "sunrise": 1745619125,
        "sunset": 1745665588,
        "weatherPicName": "多云",
        "sunshineDuration": 46463
    },
    {
        "datetime": 1745629540,
        "temp": 21.0,
        "weatherPic": "cloudy",
        "sunrise": 1745619125,
        "sunset": 1745665588,
        "weatherPicName": "多云",
        "sunshineDuration": 46463
    },
    {
        "datetime": 1745640220,
        "temp": 22.0,
        "weatherPic": "cloudy",
        "sunrise": 1745619125,
        "sunset": 1745665588,
        "weatherPicName": "多云",
        "sunshineDuration": 46463
    },
    {
        "datetime": 1745651045,
        "temp": 24.0,
        "weatherPic": "cloudy",
        "sunrise": 1745619125,
        "sunset": 1745665588,
        "weatherPicName": "多云",
        "sunshineDuration": 46463
    },
    {
        "datetime": 1745661813,
        "temp": 28.0,
        "weatherPic": "cloudy",
        "sunrise": 1745619125,
        "sunset": 1745665588,
        "weatherPicName": "多云",
        "sunshineDuration": 46463
    },
    {
        "datetime": 1745672737,
        "temp": 25.0,
        "weatherPic": "cloudy",
        "sunrise": 1745619125,
        "sunset": 1745665588,
        "weatherPicName": "多云",
        "sunshineDuration": 46463
    }
]