[
    {
        "datetime": 1736352265,
        "temp": 15.0,
        "weatherPic": "cloudy",
        "sunrise": 1736378662,
        "sunset": 1736417546,
        "weatherPicName": "多云",
        "sunshineDuration": 38884
    },
    {
        "datetime": 1736363032,
        "temp": 14.0,
        "weatherPic": "cloudy",
        "sunrise": 1736378662,
        "sunset": 1736417546,
        "weatherPicName": "多云",
        "sunshineDuration": 38884
    },
    {
        "datetime": 1736373822,
        "temp": 13.0,
        "weatherPic": "cloudy",
        "sunrise": 1736378662,
        "sunset": 1736417546,
        "weatherPicName": "多云",
        "sunshineDuration": 38884
    },
    {
        "datetime": 1736384729,
        "temp": 13.0,
        "weatherPic": "cloudy",
        "sunrise": 1736378662,
        "sunset": 1736417546,
        "weatherPicName": "多云",
        "sunshineDuration": 38884
    },
    {
        "datetime": 1736395490,
        "temp": 16.0,
        "weatherPic": "cloudy",
        "sunrise": 1736378662,
        "sunset": 1736417546,
        "weatherPicName": "多云",
        "sunshineDuration": 38884
    },
    {
        "datetime": 1736406261,
        "temp": 18.0,
        "weatherPic": "cloudy",
        "sunrise": 1736378662,
        "sunset": 1736417546,
        "weatherPicName": "多云",
        "sunshineDuration": 38884
    },
    {
        "datetime": 1736417071,
        "temp": 12.0,
        "weatherPic": "cloudy",
        "sunrise": 1736378662,
        "sunset": 1736417546,
        "weatherPicName": "多云",
        "sunshineDuration": 38884
    },
    {
        "datetime": 1736427850,
        "temp": 11.0,
        "weatherPic": "cloudy",
        "sunrise": 1736378662,
        "sunset": 1736417546,
        "weatherPicName": "多云",
        "sunshineDuration": 38884
    }
]