[
    {
        "datetime": 1746201796,
        "temp": 26.0,
        "weatherPic": "cloudy",
        "sunrise": 1746223633,
        "sunset": 1746270577,
        "weatherPicName": "多云",
        "sunshineDuration": 46944
    },
    {
        "datetime": 1746212562,
        "temp": 24.0,
        "weatherPic": "cloudy",
        "sunrise": 1746223633,
        "sunset": 1746270577,
        "weatherPicName": "多云",
        "sunshineDuration": 46944
    },
    {
        "datetime": 1746223440,
        "temp": 23.0,
        "weatherPic": "cloudy",
        "sunrise": 1746223633,
        "sunset": 1746270577,
        "weatherPicName": "多云",
        "sunshineDuration": 46944
    },
    {
        "datetime": 1746234198,
        "temp": 27.0,
        "weatherPic": "cloudy",
        "sunrise": 1746223633,
        "sunset": 1746270577,
        "weatherPicName": "多云",
        "sunshineDuration": 46944
    },
    {
        "datetime": 1746245057,
        "temp": 31.0,
        "weatherPic": "cloudy",
        "sunrise": 1746223633,
        "sunset": 1746270577,
        "weatherPicName": "多云",
        "sunshineDuration": 46944
    },
    {
        "datetime": 1746255808,
        "temp": 33.0,
        "weatherPic": "cloudy",
        "sunrise": 1746223633,
        "sunset": 1746270577,
        "weatherPicName": "多云",
        "sunshineDuration": 46944
    },
    {
        "datetime": 1746266619,
        "temp": 29.0,
        "weatherPic": "cloudy",
        "sunrise": 1746223633,
        "sunset": 1746270577,
        "weatherPicName": "多云",
        "sunshineDuration": 46944
    },
    {
        "datetime": 1746277409,
        "temp": 27.0,
        "weatherPic": "cloudy",
        "sunrise": 1746223633,
        "sunset": 1746270577,
        "weatherPicName": "多云",
        "sunshineDuration": 46944
    }
]