[
    {
        "datetime": 1752940904,
        "temp": 29.0,
        "weatherPic": "rainy-s",
        "sunrise": 1752962806,
        "sunset": 1753010923,
        "weatherPicName": "大雨",
        "sunshineDuration": 48117
    },
    {
        "datetime": 1752951828,
        "temp": 27.0,
        "weatherPic": "rainy-s",
        "sunrise": 1752962806,
        "sunset": 1753010923,
        "weatherPicName": "大雨",
        "sunshineDuration": 48117
    },
    {
        "datetime": 1752962413,
        "temp": 27.0,
        "weatherPic": "cloudy",
        "sunrise": 1752962806,
        "sunset": 1753010923,
        "weatherPicName": "多云",
        "sunshineDuration": 48117
    },
    {
        "datetime": 1752973288,
        "temp": 27.0,
        "weatherPic": "cloudy",
        "sunrise": 1752962806,
        "sunset": 1753010923,
        "weatherPicName": "多云",
        "sunshineDuration": 48117
    },
    {
        "datetime": 1752984322,
        "temp": 32.0,
        "weatherPic": "rainy-s",
        "sunrise": 1752962806,
        "sunset": 1753010923,
        "weatherPicName": "大雨",
        "sunshineDuration": 48117
    },
    {
        "datetime": 1752995084,
        "temp": 33.0,
        "weatherPic": "rainy-s",
        "sunrise": 1752962806,
        "sunset": 1753010923,
        "weatherPicName": "大雨",
        "sunshineDuration": 48117
    },
    {
        "datetime": 1753005851,
        "temp": 31.0,
        "weatherPic": "cloudy",
        "sunrise": 1752962806,
        "sunset": 1753010923,
        "weatherPicName": "多云",
        "sunshineDuration": 48117
    },
    {
        "datetime": 1753016796,
        "temp": 28.0,
        "weatherPic": "rainy-s",
        "sunrise": 1752962806,
        "sunset": 1753010923,
        "weatherPicName": "大雨",
        "sunshineDuration": 48117
    }
]