[
    {
        "datetime": 1752422712,
        "temp": 27.0,
        "weatherPic": "cloudy",
        "sunrise": 1752444251,
        "sunset": 1752492614,
        "weatherPicName": "多云",
        "sunshineDuration": 48363
    },
    {
        "datetime": 1752433442,
        "temp": 27.0,
        "weatherPic": "cloudy",
        "sunrise": 1752444251,
        "sunset": 1752492614,
        "weatherPicName": "多云",
        "sunshineDuration": 48363
    },
    {
        "datetime": 1752444226,
        "temp": 26.0,
        "weatherPic": "cloudy",
        "sunrise": 1752444251,
        "sunset": 1752492614,
        "weatherPicName": "多云",
        "sunshineDuration": 48363
    },
    {
        "datetime": 1752454863,
        "temp": 29.0,
        "weatherPic": "cloudy",
        "sunrise": 1752444251,
        "sunset": 1752492614,
        "weatherPicName": "多云",
        "sunshineDuration": 48363
    },
    {
        "datetime": 1752465948,
        "temp": 32.0,
        "weatherPic": "cloudy",
        "sunrise": 1752444251,
        "sunset": 1752492614,
        "weatherPicName": "多云",
        "sunshineDuration": 48363
    },
    {
        "datetime": 1752476791,
        "temp": 33.0,
        "weatherPic": "cloudy",
        "sunrise": 1752444251,
        "sunset": 1752492614,
        "weatherPicName": "多云",
        "sunshineDuration": 48363
    },
    {
        "datetime": 1752487602,
        "temp": 31.0,
        "weatherPic": "rainy-s",
        "sunrise": 1752444251,
        "sunset": 1752492614,
        "weatherPicName": "大雨",
        "sunshineDuration": 48363
    },
    {
        "datetime": 1752498404,
        "temp": 29.0,
        "weatherPic": "rainy-s",
        "sunrise": 1752444251,
        "sunset": 1752492614,
        "weatherPicName": "大雨",
        "sunshineDuration": 48363
    }
]