[
    {
        "datetime": 1744819502,
        "temp": 23.0,
        "weatherPic": "cloudy",
        "sunrise": 1744841958,
        "sunset": 1744887761,
        "weatherPicName": "多云",
        "sunshineDuration": 45803
    },
    {
        "datetime": 1744830211,
        "temp": 22.0,
        "weatherPic": "cloudy",
        "sunrise": 1744841958,
        "sunset": 1744887761,
        "weatherPicName": "多云",
        "sunshineDuration": 45803
    },
    {
        "datetime": 1744841062,
        "temp": 21.0,
        "weatherPic": "cloudy",
        "sunrise": 1744841958,
        "sunset": 1744887761,
        "weatherPicName": "多云",
        "sunshineDuration": 45803
    },
    {
        "datetime": 1744851904,
        "temp": 24.0,
        "weatherPic": "cloudy",
        "sunrise": 1744841958,
        "sunset": 1744887761,
        "weatherPicName": "多云",
        "sunshineDuration": 45803
    },
    {
        "datetime": 1744862659,
        "temp": 29.0,
        "weatherPic": "cloudy",
        "sunrise": 1744841958,
        "sunset": 1744887761,
        "weatherPicName": "多云",
        "sunshineDuration": 45803
    },
    {
        "datetime": 1744873408,
        "temp": 33.0,
        "weatherPic": "cloudy",
        "sunrise": 1744841958,
        "sunset": 1744887761,
        "weatherPicName": "多云",
        "sunshineDuration": 45803
    },
    {
        "datetime": 1744884296,
        "temp": 31.0,
        "weatherPic": "cloudy",
        "sunrise": 1744841958,
        "sunset": 1744887761,
        "weatherPicName": "多云",
        "sunshineDuration": 45803
    },
    {
        "datetime": 1744895140,
        "temp": 27.0,
        "weatherPic": "cloudy",
        "sunrise": 1744841958,
        "sunset": 1744887761,
        "weatherPicName": "多云",
        "sunshineDuration": 45803
    }
]