[
    {
        "datetime": 1750867347,
        "temp": 27.0,
        "weatherPic": "sunny",
        "sunrise": 1750888670,
        "sunset": 1750937446,
        "weatherPicName": "晴",
        "sunshineDuration": 48776
    },
    {
        "datetime": 1750878268,
        "temp": 25.0,
        "weatherPic": "cloudy",
        "sunrise": 1750888670,
        "sunset": 1750937446,
        "weatherPicName": "多云",
        "sunshineDuration": 48776
    },
    {
        "datetime": 1750889070,
        "temp": 25.0,
        "weatherPic": "rainy-s",
        "sunrise": 1750888670,
        "sunset": 1750937446,
        "weatherPicName": "大雨",
        "sunshineDuration": 48776
    },
    {
        "datetime": 1750899673,
        "temp": 27.0,
        "weatherPic": "rainy-s",
        "sunrise": 1750888670,
        "sunset": 1750937446,
        "weatherPicName": "大雨",
        "sunshineDuration": 48776
    },
    {
        "datetime": 1750910663,
        "temp": 31.0,
        "weatherPic": "cloudy",
        "sunrise": 1750888670,
        "sunset": 1750937446,
        "weatherPicName": "多云",
        "sunshineDuration": 48776
    },
    {
        "datetime": 1750921567,
        "temp": 29.0,
        "weatherPic": "rainy-s",
        "sunrise": 1750888670,
        "sunset": 1750937446,
        "weatherPicName": "大雨",
        "sunshineDuration": 48776
    },
    {
        "datetime": 1750932310,
        "temp": 28.0,
        "weatherPic": "cloudy",
        "sunrise": 1750888670,
        "sunset": 1750937446,
        "weatherPicName": "多云",
        "sunshineDuration": 48776
    },
    {
        "datetime": 1750943119,
        "temp": 26.0,
        "weatherPic": "cloudy",
        "sunrise": 1750888670,
        "sunset": 1750937446,
        "weatherPicName": "多云",
        "sunshineDuration": 48776
    }
]