[
    {
        "datetime": 1740413060,
        "temp": 16.0,
        "weatherPic": "cloudy",
        "sunrise": 1740438416,
        "sunset": 1740480168,
        "weatherPicName": "多云",
        "sunshineDuration": 41752
    },
    {
        "datetime": 1740423888,
        "temp": 13.0,
        "weatherPic": "cloudy",
        "sunrise": 1740438416,
        "sunset": 1740480168,
        "weatherPicName": "多云",
        "sunshineDuration": 41752
    },
    {
        "datetime": 1740434655,
        "temp": 13.0,
        "weatherPic": "cloudy",
        "sunrise": 1740438416,
        "sunset": 1740480168,
        "weatherPicName": "多云",
        "sunshineDuration": 41752
    },
    {
        "datetime": 1740445504,
        "temp": 14.0,
        "weatherPic": "rainy-s",
        "sunrise": 1740438416,
        "sunset": 1740480168,
        "weatherPicName": "大雨",
        "sunshineDuration": 41752
    },
    {
        "datetime": 1740456273,
        "temp": 15.0,
        "weatherPic": "cloudy",
        "sunrise": 1740438416,
        "sunset": 1740480168,
        "weatherPicName": "多云",
        "sunshineDuration": 41752
    },
    {
        "datetime": 1740467144,
        "temp": 14.0,
        "weatherPic": "rainy-s",
        "sunrise": 1740438416,
        "sunset": 1740480168,
        "weatherPicName": "大雨",
        "sunshineDuration": 41752
    },
    {
        "datetime": 1740477853,
        "temp": 14.0,
        "weatherPic": "rainy-s",
        "sunrise": 1740438416,
        "sunset": 1740480168,
        "weatherPicName": "大雨",
        "sunshineDuration": 41752
    },
    {
        "datetime": 1740488587,
        "temp": 13.0,
        "weatherPic": "cloudy",
        "sunrise": 1740438416,
        "sunset": 1740480168,
        "weatherPicName": "多云",
        "sunshineDuration": 41752
    }
]