[
    {
        "datetime": 1737907442,
        "temp": 11.0,
        "weatherPic": "cloudy",
        "sunrise": 1737933787,
        "sunset": 1737973514,
        "weatherPicName": "多云",
        "sunshineDuration": 39727
    },
    {
        "datetime": 1737918274,
        "temp": 11.0,
        "weatherPic": "cloudy",
        "sunrise": 1737933787,
        "sunset": 1737973514,
        "weatherPicName": "多云",
        "sunshineDuration": 39727
    },
    {
        "datetime": 1737929026,
        "temp": 8.0,
        "weatherPic": "cloudy",
        "sunrise": 1737933787,
        "sunset": 1737973514,
        "weatherPicName": "多云",
        "sunshineDuration": 39727
    },
    {
        "datetime": 1737939840,
        "temp": 9.0,
        "weatherPic": "cloudy",
        "sunrise": 1737933787,
        "sunset": 1737973514,
        "weatherPicName": "多云",
        "sunshineDuration": 39727
    },
    {
        "datetime": 1737950653,
        "temp": 14.0,
        "weatherPic": "cloudy",
        "sunrise": 1737933787,
        "sunset": 1737973514,
        "weatherPicName": "多云",
        "sunshineDuration": 39727
    },
    {
        "datetime": 1737961497,
        "temp": 17.0,
        "weatherPic": "cloudy",
        "sunrise": 1737933787,
        "sunset": 1737973514,
        "weatherPicName": "多云",
        "sunshineDuration": 39727
    },
    {
        "datetime": 1737972260,
        "temp": 17.0,
        "weatherPic": "cloudy",
        "sunrise": 1737933787,
        "sunset": 1737973514,
        "weatherPicName": "多云",
        "sunshineDuration": 39727
    },
    {
        "datetime": 1737983065,
        "temp": 14.0,
        "weatherPic": "cloudy",
        "sunrise": 1737933787,
        "sunset": 1737973514,
        "weatherPicName": "多云",
        "sunshineDuration": 39727
    }
]