[
    {
        "datetime": 1740067453,
        "temp": 16.0,
        "weatherPic": "cloudy",
        "sunrise": 1740093002,
        "sunset": 1740134446,
        "weatherPicName": "多云",
        "sunshineDuration": 41444
    },
    {
        "datetime": 1740078186,
        "temp": 15.0,
        "weatherPic": "cloudy",
        "sunrise": 1740093002,
        "sunset": 1740134446,
        "weatherPicName": "多云",
        "sunshineDuration": 41444
    },
    {
        "datetime": 1740089055,
        "temp": 14.0,
        "weatherPic": "cloudy",
        "sunrise": 1740093002,
        "sunset": 1740134446,
        "weatherPicName": "多云",
        "sunshineDuration": 41444
    },
    {
        "datetime": 1740099888,
        "temp": 14.0,
        "weatherPic": "cloudy",
        "sunrise": 1740093002,
        "sunset": 1740134446,
        "weatherPicName": "多云",
        "sunshineDuration": 41444
    },
    {
        "datetime": 1740110801,
        "temp": 16.0,
        "weatherPic": "cloudy",
        "sunrise": 1740093002,
        "sunset": 1740134446,
        "weatherPicName": "多云",
        "sunshineDuration": 41444
    },
    {
        "datetime": 1740121374,
        "temp": 20.0,
        "weatherPic": "cloudy",
        "sunrise": 1740093002,
        "sunset": 1740134446,
        "weatherPicName": "多云",
        "sunshineDuration": 41444
    },
    {
        "datetime": 1740132260,
        "temp": 19.0,
        "weatherPic": "cloudy",
        "sunrise": 1740093002,
        "sunset": 1740134446,
        "weatherPicName": "多云",
        "sunshineDuration": 41444
    },
    {
        "datetime": 1740143014,
        "temp": 16.0,
        "weatherPic": "cloudy",
        "sunrise": 1740093002,
        "sunset": 1740134446,
        "weatherPicName": "多云",
        "sunshineDuration": 41444
    }
]