[
    {
        "datetime": 1735661039,
        "temp": 16.0,
        "weatherPic": "sunny",
        "sunrise": 1735687359,
        "sunset": 1735726028,
        "weatherPicName": "晴",
        "sunshineDuration": 38669
    },
    {
        "datetime": 1735671854,
        "temp": 14.0,
        "weatherPic": "sunny",
        "sunrise": 1735687359,
        "sunset": 1735726028,
        "weatherPicName": "晴",
        "sunshineDuration": 38669
    },
    {
        "datetime": 1735682664,
        "temp": 13.0,
        "weatherPic": "sunny",
        "sunrise": 1735687359,
        "sunset": 1735726028,
        "weatherPicName": "晴",
        "sunshineDuration": 38669
    },
    {
        "datetime": 1735693370,
        "temp": 15.0,
        "weatherPic": "sunny",
        "sunrise": 1735687359,
        "sunset": 1735726028,
        "weatherPicName": "晴",
        "sunshineDuration": 38669
    },
    {
        "datetime": 1735704262,
        "temp": 21.0,
        "weatherPic": "sunny",
        "sunrise": 1735687359,
        "sunset": 1735726028,
        "weatherPicName": "晴",
        "sunshineDuration": 38669
    },
    {
        "datetime": 1735715053,
        "temp": 24.0,
        "weatherPic": "sunny",
        "sunrise": 1735687359,
        "sunset": 1735726028,
        "weatherPicName": "晴",
        "sunshineDuration": 38669
    },
    {
        "datetime": 1735725811,
        "temp": 22.0,
        "weatherPic": "sunny",
        "sunrise": 1735687359,
        "sunset": 1735726028,
        "weatherPicName": "晴",
        "sunshineDuration": 38669
    },
    {
        "datetime": 1735736625,
        "temp": 19.0,
        "weatherPic": "sunny",
        "sunrise": 1735687359,
        "sunset": 1735726028,
        "weatherPicName": "晴",
        "sunshineDuration": 38669
    }
]