[
    {
        "datetime": 1740585849,
        "temp": 14.0,
        "weatherPic": "cloudy",
        "sunrise": 1740611118,
        "sunset": 1740653026,
        "weatherPicName": "多云",
        "sunshineDuration": 41908
    },
    {
        "datetime": 1740596661,
        "temp": 14.0,
        "weatherPic": "cloudy",
        "sunrise": 1740611118,
        "sunset": 1740653026,
        "weatherPicName": "多云",
        "sunshineDuration": 41908
    },
    {
        "datetime": 1740607441,
        "temp": 14.0,
        "weatherPic": "cloudy",
        "sunrise": 1740611118,
        "sunset": 1740653026,
        "weatherPicName": "多云",
        "sunshineDuration": 41908
    },
    {
        "datetime": 1740618291,
        "temp": 15.0,
        "weatherPic": "cloudy",
        "sunrise": 1740611118,
        "sunset": 1740653026,
        "weatherPicName": "多云",
        "sunshineDuration": 41908
    },
    {
        "datetime": 1740629089,
        "temp": 18.0,
        "weatherPic": "cloudy",
        "sunrise": 1740611118,
        "sunset": 1740653026,
        "weatherPicName": "多云",
        "sunshineDuration": 41908
    },
    {
        "datetime": 1740639903,
        "temp": 20.0,
        "weatherPic": "cloudy",
        "sunrise": 1740611118,
        "sunset": 1740653026,
        "weatherPicName": "多云",
        "sunshineDuration": 41908
    },
    {
        "datetime": 1740650678,
        "temp": 23.0,
        "weatherPic": "cloudy",
        "sunrise": 1740611118,
        "sunset": 1740653026,
        "weatherPicName": "多云",
        "sunshineDuration": 41908
    },
    {
        "datetime": 1740661406,
        "temp": 20.0,
        "weatherPic": "cloudy",
        "sunrise": 1740611118,
        "sunset": 1740653026,
        "weatherPicName": "多云",
        "sunshineDuration": 41908
    }
]