[
    {
        "datetime": 1747670756,
        "temp": 25.0,
        "weatherPic": "rainy-s",
        "sunrise": 1747691924,
        "sunset": 1747739866,
        "weatherPicName": "大雨",
        "sunshineDuration": 47942
    },
    {
        "datetime": 1747681378,
        "temp": 25.0,
        "weatherPic": "cloudy",
        "sunrise": 1747691924,
        "sunset": 1747739866,
        "weatherPicName": "多云",
        "sunshineDuration": 47942
    },
    {
        "datetime": 1747692174,
        "temp": 25.0,
        "weatherPic": "cloudy",
        "sunrise": 1747691924,
        "sunset": 1747739866,
        "weatherPicName": "多云",
        "sunshineDuration": 47942
    },
    {
        "datetime": 1747703091,
        "temp": 27.0,
        "weatherPic": "cloudy",
        "sunrise": 1747691924,
        "sunset": 1747739866,
        "weatherPicName": "多云",
        "sunshineDuration": 47942
    },
    {
        "datetime": 1747714103,
        "temp": 30.0,
        "weatherPic": "cloudy",
        "sunrise": 1747691924,
        "sunset": 1747739866,
        "weatherPicName": "多云",
        "sunshineDuration": 47942
    },
    {
        "datetime": 1747724811,
        "temp": 32.0,
        "weatherPic": "cloudy",
        "sunrise": 1747691924,
        "sunset": 1747739866,
        "weatherPicName": "多云",
        "sunshineDuration": 47942
    },
    {
        "datetime": 1747735640,
        "temp": 30.0,
        "weatherPic": "cloudy",
        "sunrise": 1747691924,
        "sunset": 1747739866,
        "weatherPicName": "多云",
        "sunshineDuration": 47942
    },
    {
        "datetime": 1747746549,
        "temp": 27.0,
        "weatherPic": "rainy-s",
        "sunrise": 1747691924,
        "sunset": 1747739866,
        "weatherPicName": "大雨",
        "sunshineDuration": 47942
    }
]