[
    {
        "datetime": 1739203420,
        "temp": 12.0,
        "weatherPic": "sunny",
        "sunrise": 1739229402,
        "sunset": 1739270107,
        "weatherPicName": "晴",
        "sunshineDuration": 40705
    },
    {
        "datetime": 1739214157,
        "temp": 12.0,
        "weatherPic": "cloudy",
        "sunrise": 1739229402,
        "sunset": 1739270107,
        "weatherPicName": "多云",
        "sunshineDuration": 40705
    },
    {
        "datetime": 1739224972,
        "temp": 11.0,
        "weatherPic": "cloudy",
        "sunrise": 1739229402,
        "sunset": 1739270107,
        "weatherPicName": "多云",
        "sunshineDuration": 40705
    },
    {
        "datetime": 1739235847,
        "temp": 13.0,
        "weatherPic": "cloudy",
        "sunrise": 1739229402,
        "sunset": 1739270107,
        "weatherPicName": "多云",
        "sunshineDuration": 40705
    },
    {
        "datetime": 1739246681,
        "temp": 15.0,
        "weatherPic": "cloudy",
        "sunrise": 1739229402,
        "sunset": 1739270107,
        "weatherPicName": "多云",
        "sunshineDuration": 40705
    },
    {
        "datetime": 1739257441,
        "temp": 20.0,
        "weatherPic": "cloudy",
        "sunrise": 1739229402,
        "sunset": 1739270107,
        "weatherPicName": "多云",
        "sunshineDuration": 40705
    },
    {
        "datetime": 1739268206,
        "temp": 22.0,
        "weatherPic": "cloudy",
        "sunrise": 1739229402,
        "sunset": 1739270107,
        "weatherPicName": "多云",
        "sunshineDuration": 40705
    },
    {
        "datetime": 1739279097,
        "temp": 21.0,
        "weatherPic": "cloudy",
        "sunrise": 1739229402,
        "sunset": 1739270107,
        "weatherPicName": "多云",
        "sunshineDuration": 40705
    }
]