[
    {
        "datetime": 1737129935,
        "temp": 15.0,
        "weatherPic": "sunny",
        "sunrise": 1737156279,
        "sunset": 1737195528,
        "weatherPicName": "晴",
        "sunshineDuration": 39249
    },
    {
        "datetime": 1737140654,
        "temp": 13.0,
        "weatherPic": "sunny",
        "sunrise": 1737156279,
        "sunset": 1737195528,
        "weatherPicName": "晴",
        "sunshineDuration": 39249
    },
    {
        "datetime": 1737151457,
        "temp": 12.0,
        "weatherPic": "sunny",
        "sunrise": 1737156279,
        "sunset": 1737195528,
        "weatherPicName": "晴",
        "sunshineDuration": 39249
    },
    {
        "datetime": 1737162324,
        "temp": 14.0,
        "weatherPic": "sunny",
        "sunrise": 1737156279,
        "sunset": 1737195528,
        "weatherPicName": "晴",
        "sunshineDuration": 39249
    },
    {
        "datetime": 1737173074,
        "temp": 19.0,
        "weatherPic": "cloudy",
        "sunrise": 1737156279,
        "sunset": 1737195528,
        "weatherPicName": "多云",
        "sunshineDuration": 39249
    },
    {
        "datetime": 1737183852,
        "temp": 22.0,
        "weatherPic": "cloudy",
        "sunrise": 1737156279,
        "sunset": 1737195528,
        "weatherPicName": "多云",
        "sunshineDuration": 39249
    },
    {
        "datetime": 1737194671,
        "temp": 21.0,
        "weatherPic": "cloudy",
        "sunrise": 1737156279,
        "sunset": 1737195528,
        "weatherPicName": "多云",
        "sunshineDuration": 39249
    },
    {
        "datetime": 1737205272,
        "temp": 19.0,
        "weatherPic": "sunny",
        "sunrise": 1737156279,
        "sunset": 1737195528,
        "weatherPicName": "晴",
        "sunshineDuration": 39249
    }
]