[
    {
        "datetime": 1738771471,
        "temp": 14.0,
        "weatherPic": "cloudy",
        "sunrise": 1738797561,
        "sunset": 1738837919,
        "weatherPicName": "多云",
        "sunshineDuration": 40358
    },
    {
        "datetime": 1738782241,
        "temp": 13.0,
        "weatherPic": "cloudy",
        "sunrise": 1738797561,
        "sunset": 1738837919,
        "weatherPicName": "多云",
        "sunshineDuration": 40358
    },
    {
        "datetime": 1738793049,
        "temp": 13.0,
        "weatherPic": "cloudy",
        "sunrise": 1738797561,
        "sunset": 1738837919,
        "weatherPicName": "多云",
        "sunshineDuration": 40358
    },
    {
        "datetime": 1738803913,
        "temp": 13.0,
        "weatherPic": "cloudy",
        "sunrise": 1738797561,
        "sunset": 1738837919,
        "weatherPicName": "多云",
        "sunshineDuration": 40358
    },
    {
        "datetime": 1738814751,
        "temp": 14.0,
        "weatherPic": "cloudy",
        "sunrise": 1738797561,
        "sunset": 1738837919,
        "weatherPicName": "多云",
        "sunshineDuration": 40358
    },
    {
        "datetime": 1738825399,
        "temp": 14.0,
        "weatherPic": "cloudy",
        "sunrise": 1738797561,
        "sunset": 1738837919,
        "weatherPicName": "多云",
        "sunshineDuration": 40358
    },
    {
        "datetime": 1738836259,
        "temp": 13.0,
        "weatherPic": "cloudy",
        "sunrise": 1738797561,
        "sunset": 1738837919,
        "weatherPicName": "多云",
        "sunshineDuration": 40358
    },
    {
        "datetime": 1738847006,
        "temp": 12.0,
        "weatherPic": "cloudy",
        "sunrise": 1738797561,
        "sunset": 1738837919,
        "weatherPicName": "多云",
        "sunshineDuration": 40358
    }
]