[
    {
        "datetime": 1753200103,
        "temp": 26.0,
        "weatherPic": "cloudy",
        "sunrise": 1753222086,
        "sunset": 1753270062,
        "weatherPicName": "多云",
        "sunshineDuration": 47976
    },
    {
        "datetime": 1753211022,
        "temp": 25.0,
        "weatherPic": "cloudy",
        "sunrise": 1753222086,
        "sunset": 1753270062,
        "weatherPicName": "多云",
        "sunshineDuration": 47976
    },
    {
        "datetime": 1753221614,
        "temp": 25.0,
        "weatherPic": "cloudy",
        "sunrise": 1753222086,
        "sunset": 1753270062,
        "weatherPicName": "多云",
        "sunshineDuration": 47976
    },
    {
        "datetime": 1753232735,
        "temp": 28.0,
        "weatherPic": "cloudy",
        "sunrise": 1753222086,
        "sunset": 1753270062,
        "weatherPicName": "多云",
        "sunshineDuration": 47976
    },
    {
        "datetime": 1753243488,
        "temp": 31.0,
        "weatherPic": "cloudy",
        "sunrise": 1753222086,
        "sunset": 1753270062,
        "weatherPicName": "多云",
        "sunshineDuration": 47976
    },
    {
        "datetime": 1753254274,
        "temp": 31.0,
        "weatherPic": "cloudy",
        "sunrise": 1753222086,
        "sunset": 1753270062,
        "weatherPicName": "多云",
        "sunshineDuration": 47976
    },
    {
        "datetime": 1753264855,
        "temp": 29.0,
        "weatherPic": "rainy-s",
        "sunrise": 1753222086,
        "sunset": 1753270062,
        "weatherPicName": "大雨",
        "sunshineDuration": 47976
    },
    {
        "datetime": 1753275695,
        "temp": 26.0,
        "weatherPic": "cloudy",
        "sunrise": 1753222086,
        "sunset": 1753270062,
        "weatherPicName": "多云",
        "sunshineDuration": 47976
    }
]