[
    {
        "datetime": 1741104277,
        "temp": 16.0,
        "weatherPic": "cloudy",
        "sunrise": 1741129207,
        "sunset": 1741171589,
        "weatherPicName": "多云",
        "sunshineDuration": 42382
    },
    {
        "datetime": 1741114946,
        "temp": 16.0,
        "weatherPic": "cloudy",
        "sunrise": 1741129207,
        "sunset": 1741171589,
        "weatherPicName": "多云",
        "sunshineDuration": 42382
    },
    {
        "datetime": 1741125840,
        "temp": 14.0,
        "weatherPic": "cloudy",
        "sunrise": 1741129207,
        "sunset": 1741171589,
        "weatherPicName": "多云",
        "sunshineDuration": 42382
    },
    {
        "datetime": 1741136568,
        "temp": 14.0,
        "weatherPic": "cloudy",
        "sunrise": 1741129207,
        "sunset": 1741171589,
        "weatherPicName": "多云",
        "sunshineDuration": 42382
    },
    {
        "datetime": 1741147553,
        "temp": 13.0,
        "weatherPic": "cloudy",
        "sunrise": 1741129207,
        "sunset": 1741171589,
        "weatherPicName": "多云",
        "sunshineDuration": 42382
    },
    {
        "datetime": 1741158144,
        "temp": 13.0,
        "weatherPic": "cloudy",
        "sunrise": 1741129207,
        "sunset": 1741171589,
        "weatherPicName": "多云",
        "sunshineDuration": 42382
    },
    {
        "datetime": 1741169134,
        "temp": 13.0,
        "weatherPic": "cloudy",
        "sunrise": 1741129207,
        "sunset": 1741171589,
        "weatherPicName": "多云",
        "sunshineDuration": 42382
    },
    {
        "datetime": 1741179905,
        "temp": 12.0,
        "weatherPic": "cloudy",
        "sunrise": 1741129207,
        "sunset": 1741171589,
        "weatherPicName": "多云",
        "sunshineDuration": 42382
    }
]