[
    {
        "datetime": 1747929913,
        "temp": 27.0,
        "weatherPic": "cloudy",
        "sunrise": 1747951066,
        "sunset": 1747999152,
        "weatherPicName": "多云",
        "sunshineDuration": 48086
    },
    {
        "datetime": 1747940543,
        "temp": 25.0,
        "weatherPic": "cloudy",
        "sunrise": 1747951066,
        "sunset": 1747999152,
        "weatherPicName": "多云",
        "sunshineDuration": 48086
    },
    {
        "datetime": 1747951288,
        "temp": 24.0,
        "weatherPic": "cloudy",
        "sunrise": 1747951066,
        "sunset": 1747999152,
        "weatherPicName": "多云",
        "sunshineDuration": 48086
    },
    {
        "datetime": 1747962332,
        "temp": 27.0,
        "weatherPic": "cloudy",
        "sunrise": 1747951066,
        "sunset": 1747999152,
        "weatherPicName": "多云",
        "sunshineDuration": 48086
    },
    {
        "datetime": 1747973136,
        "temp": 29.0,
        "weatherPic": "rainy-s",
        "sunrise": 1747951066,
        "sunset": 1747999152,
        "weatherPicName": "大雨",
        "sunshineDuration": 48086
    },
    {
        "datetime": 1747983887,
        "temp": 29.0,
        "weatherPic": "rainy-s",
        "sunrise": 1747951066,
        "sunset": 1747999152,
        "weatherPicName": "大雨",
        "sunshineDuration": 48086
    },
    {
        "datetime": 1747994714,
        "temp": 26.0,
        "weatherPic": "cloudy",
        "sunrise": 1747951066,
        "sunset": 1747999152,
        "weatherPicName": "多云",
        "sunshineDuration": 48086
    },
    {
        "datetime": 1748005352,
        "temp": 24.0,
        "weatherPic": "rainy-s",
        "sunrise": 1747951066,
        "sunset": 1747999152,
        "weatherPicName": "大雨",
        "sunshineDuration": 48086
    }
]