[
    {
        "datetime": 1743523484,
        "temp": 18.0,
        "weatherPic": "cloudy",
        "sunrise": 1743546785,
        "sunset": 1743591422,
        "weatherPicName": "多云",
        "sunshineDuration": 44637
    },
    {
        "datetime": 1743534253,
        "temp": 16.0,
        "weatherPic": "cloudy",
        "sunrise": 1743546785,
        "sunset": 1743591422,
        "weatherPicName": "多云",
        "sunshineDuration": 44637
    },
    {
        "datetime": 1743545018,
        "temp": 15.0,
        "weatherPic": "cloudy",
        "sunrise": 1743546785,
        "sunset": 1743591422,
        "weatherPicName": "多云",
        "sunshineDuration": 44637
    },
    {
        "datetime": 1743555929,
        "temp": 19.0,
        "weatherPic": "cloudy",
        "sunrise": 1743546785,
        "sunset": 1743591422,
        "weatherPicName": "多云",
        "sunshineDuration": 44637
    },
    {
        "datetime": 1743566630,
        "temp": 23.0,
        "weatherPic": "cloudy",
        "sunrise": 1743546785,
        "sunset": 1743591422,
        "weatherPicName": "多云",
        "sunshineDuration": 44637
    },
    {
        "datetime": 1743577395,
        "temp": 26.0,
        "weatherPic": "cloudy",
        "sunrise": 1743546785,
        "sunset": 1743591422,
        "weatherPicName": "多云",
        "sunshineDuration": 44637
    },
    {
        "datetime": 1743588197,
        "temp": 26.0,
        "weatherPic": "cloudy",
        "sunrise": 1743546785,
        "sunset": 1743591422,
        "weatherPicName": "多云",
        "sunshineDuration": 44637
    },
    {
        "datetime": 1743599046,
        "temp": 22.0,
        "weatherPic": "cloudy",
        "sunrise": 1743546785,
        "sunset": 1743591422,
        "weatherPicName": "多云",
        "sunshineDuration": 44637
    }
]