[
    {
        "datetime": 1742573096,
        "temp": 22.0,
        "weatherPic": "cloudy",
        "sunrise": 1742597034,
        "sunset": 1742640786,
        "weatherPicName": "多云",
        "sunshineDuration": 43752
    },
    {
        "datetime": 1742583853,
        "temp": 20.0,
        "weatherPic": "cloudy",
        "sunrise": 1742597034,
        "sunset": 1742640786,
        "weatherPicName": "多云",
        "sunshineDuration": 43752
    },
    {
        "datetime": 1742594636,
        "temp": 18.0,
        "weatherPic": "cloudy",
        "sunrise": 1742597034,
        "sunset": 1742640786,
        "weatherPicName": "多云",
        "sunshineDuration": 43752
    },
    {
        "datetime": 1742605552,
        "temp": 21.0,
        "weatherPic": "sunny",
        "sunrise": 1742597034,
        "sunset": 1742640786,
        "weatherPicName": "晴",
        "sunshineDuration": 43752
    },
    {
        "datetime": 1742616224,
        "temp": 26.0,
        "weatherPic": "sunny",
        "sunrise": 1742597034,
        "sunset": 1742640786,
        "weatherPicName": "晴",
        "sunshineDuration": 43752
    },
    {
        "datetime": 1742627084,
        "temp": 29.0,
        "weatherPic": "sunny",
        "sunrise": 1742597034,
        "sunset": 1742640786,
        "weatherPicName": "晴",
        "sunshineDuration": 43752
    },
    {
        "datetime": 1742637852,
        "temp": 29.0,
        "weatherPic": "sunny",
        "sunrise": 1742597034,
        "sunset": 1742640786,
        "weatherPicName": "晴",
        "sunshineDuration": 43752
    },
    {
        "datetime": 1742648710,
        "temp": 26.0,
        "weatherPic": "sunny",
        "sunrise": 1742597034,
        "sunset": 1742640786,
        "weatherPicName": "晴",
        "sunshineDuration": 43752
    }
]