[
    {
        "datetime": 1743350645,
        "temp": 11.0,
        "weatherPic": "cloudy",
        "sunrise": 1743374102,
        "sunset": 1743418579,
        "weatherPicName": "多云",
        "sunshineDuration": 44477
    },
    {
        "datetime": 1743361467,
        "temp": 10.0,
        "weatherPic": "cloudy",
        "sunrise": 1743374102,
        "sunset": 1743418579,
        "weatherPicName": "多云",
        "sunshineDuration": 44477
    },
    {
        "datetime": 1743372232,
        "temp": 10.0,
        "weatherPic": "cloudy",
        "sunrise": 1743374102,
        "sunset": 1743418579,
        "weatherPicName": "多云",
        "sunshineDuration": 44477
    },
    {
        "datetime": 1743383040,
        "temp": 10.0,
        "weatherPic": "cloudy",
        "sunrise": 1743374102,
        "sunset": 1743418579,
        "weatherPicName": "多云",
        "sunshineDuration": 44477
    },
    {
        "datetime": 1743393904,
        "temp": 12.0,
        "weatherPic": "cloudy",
        "sunrise": 1743374102,
        "sunset": 1743418579,
        "weatherPicName": "多云",
        "sunshineDuration": 44477
    },
    {
        "datetime": 1743404655,
        "temp": 12.0,
        "weatherPic": "cloudy",
        "sunrise": 1743374102,
        "sunset": 1743418579,
        "weatherPicName": "多云",
        "sunshineDuration": 44477
    },
    {
        "datetime": 1743415467,
        "temp": 13.0,
        "weatherPic": "cloudy",
        "sunrise": 1743374102,
        "sunset": 1743418579,
        "weatherPicName": "多云",
        "sunshineDuration": 44477
    },
    {
        "datetime": 1743426288,
        "temp": 12.0,
        "weatherPic": "cloudy",
        "sunrise": 1743374102,
        "sunset": 1743418579,
        "weatherPicName": "多云",
        "sunshineDuration": 44477
    }
]