[
    {
        "datetime": 1753113931,
        "temp": 26.0,
        "weatherPic": "cloudy",
        "sunrise": 1753135659,
        "sunset": 1753183683,
        "weatherPicName": "多云",
        "sunshineDuration": 48024
    },
    {
        "datetime": 1753124424,
        "temp": 26.0,
        "weatherPic": "cloudy",
        "sunrise": 1753135659,
        "sunset": 1753183683,
        "weatherPicName": "多云",
        "sunshineDuration": 48024
    },
    {
        "datetime": 1753135204,
        "temp": 25.0,
        "weatherPic": "cloudy",
        "sunrise": 1753135659,
        "sunset": 1753183683,
        "weatherPicName": "多云",
        "sunshineDuration": 48024
    },
    {
        "datetime": 1753146098,
        "temp": 27.0,
        "weatherPic": "cloudy",
        "sunrise": 1753135659,
        "sunset": 1753183683,
        "weatherPicName": "多云",
        "sunshineDuration": 48024
    },
    {
        "datetime": 1753156860,
        "temp": 30.0,
        "weatherPic": "cloudy",
        "sunrise": 1753135659,
        "sunset": 1753183683,
        "weatherPicName": "多云",
        "sunshineDuration": 48024
    },
    {
        "datetime": 1753167917,
        "temp": 30.0,
        "weatherPic": "cloudy",
        "sunrise": 1753135659,
        "sunset": 1753183683,
        "weatherPicName": "多云",
        "sunshineDuration": 48024
    },
    {
        "datetime": 1753178515,
        "temp": 28.0,
        "weatherPic": "rainy-s",
        "sunrise": 1753135659,
        "sunset": 1753183683,
        "weatherPicName": "大雨",
        "sunshineDuration": 48024
    },
    {
        "datetime": 1753189540,
        "temp": 26.0,
        "weatherPic": "cloudy",
        "sunrise": 1753135659,
        "sunset": 1753183683,
        "weatherPicName": "多云",
        "sunshineDuration": 48024
    }
]