[
    {
        "datetime": 1737475488,
        "temp": 18.0,
        "weatherPic": "sunny",
        "sunrise": 1737501852,
        "sunset": 1737541301,
        "weatherPicName": "晴",
        "sunshineDuration": 39449
    },
    {
        "datetime": 1737486254,
        "temp": 16.0,
        "weatherPic": "sunny",
        "sunrise": 1737501852,
        "sunset": 1737541301,
        "weatherPicName": "晴",
        "sunshineDuration": 39449
    },
    {
        "datetime": 1737497050,
        "temp": 15.0,
        "weatherPic": "sunny",
        "sunrise": 1737501852,
        "sunset": 1737541301,
        "weatherPicName": "晴",
        "sunshineDuration": 39449
    },
    {
        "datetime": 1737507952,
        "temp": 18.0,
        "weatherPic": "sunny",
        "sunrise": 1737501852,
        "sunset": 1737541301,
        "weatherPicName": "晴",
        "sunshineDuration": 39449
    },
    {
        "datetime": 1737518658,
        "temp": 23.0,
        "weatherPic": "sunny",
        "sunrise": 1737501852,
        "sunset": 1737541301,
        "weatherPicName": "晴",
        "sunshineDuration": 39449
    },
    {
        "datetime": 1737529458,
        "temp": 25.0,
        "weatherPic": "cloudy",
        "sunrise": 1737501852,
        "sunset": 1737541301,
        "weatherPicName": "多云",
        "sunshineDuration": 39449
    },
    {
        "datetime": 1737540296,
        "temp": 24.0,
        "weatherPic": "cloudy",
        "sunrise": 1737501852,
        "sunset": 1737541301,
        "weatherPicName": "多云",
        "sunshineDuration": 39449
    },
    {
        "datetime": 1737551075,
        "temp": 23.0,
        "weatherPic": "cloudy",
        "sunrise": 1737501852,
        "sunset": 1737541301,
        "weatherPicName": "多云",
        "sunshineDuration": 39449
    }
]