[
    {
        "datetime": 1752681900,
        "temp": 27.0,
        "weatherPic": "cloudy",
        "sunrise": 1752703528,
        "sunset": 1752751774,
        "weatherPicName": "多云",
        "sunshineDuration": 48246
    },
    {
        "datetime": 1752692418,
        "temp": 27.0,
        "weatherPic": "cloudy",
        "sunrise": 1752703528,
        "sunset": 1752751774,
        "weatherPicName": "多云",
        "sunshineDuration": 48246
    },
    {
        "datetime": 1752703465,
        "temp": 26.0,
        "weatherPic": "cloudy",
        "sunrise": 1752703528,
        "sunset": 1752751774,
        "weatherPicName": "多云",
        "sunshineDuration": 48246
    },
    {
        "datetime": 1752714072,
        "temp": 29.0,
        "weatherPic": "cloudy",
        "sunrise": 1752703528,
        "sunset": 1752751774,
        "weatherPicName": "多云",
        "sunshineDuration": 48246
    },
    {
        "datetime": 1752725108,
        "temp": 33.0,
        "weatherPic": "cloudy",
        "sunrise": 1752703528,
        "sunset": 1752751774,
        "weatherPicName": "多云",
        "sunshineDuration": 48246
    },
    {
        "datetime": 1752735664,
        "temp": 35.0,
        "weatherPic": "cloudy",
        "sunrise": 1752703528,
        "sunset": 1752751774,
        "weatherPicName": "多云",
        "sunshineDuration": 48246
    },
    {
        "datetime": 1752746677,
        "temp": 33.0,
        "weatherPic": "cloudy",
        "sunrise": 1752703528,
        "sunset": 1752751774,
        "weatherPicName": "多云",
        "sunshineDuration": 48246
    },
    {
        "datetime": 1752757592,
        "temp": 30.0,
        "weatherPic": "cloudy",
        "sunrise": 1752703528,
        "sunset": 1752751774,
        "weatherPicName": "多云",
        "sunshineDuration": 48246
    }
]