[
    {
        "datetime": 1753027513,
        "temp": 28.0,
        "weatherPic": "rainy-s",
        "sunrise": 1753049232,
        "sunset": 1753097304,
        "weatherPicName": "大雨",
        "sunshineDuration": 48072
    },
    {
        "datetime": 1753038007,
        "temp": 27.0,
        "weatherPic": "rainy-s",
        "sunrise": 1753049232,
        "sunset": 1753097304,
        "weatherPicName": "大雨",
        "sunshineDuration": 48072
    },
    {
        "datetime": 1753049032,
        "temp": 27.0,
        "weatherPic": "rainy-s",
        "sunrise": 1753049232,
        "sunset": 1753097304,
        "weatherPicName": "大雨",
        "sunshineDuration": 48072
    },
    {
        "datetime": 1753059752,
        "temp": 26.0,
        "weatherPic": "rainy-s",
        "sunrise": 1753049232,
        "sunset": 1753097304,
        "weatherPicName": "大雨",
        "sunshineDuration": 48072
    },
    {
        "datetime": 1753070442,
        "temp": 28.0,
        "weatherPic": "rainy-s",
        "sunrise": 1753049232,
        "sunset": 1753097304,
        "weatherPicName": "大雨",
        "sunshineDuration": 48072
    },
    {
        "datetime": 1753081482,
        "temp": 29.0,
        "weatherPic": "cloudy",
        "sunrise": 1753049232,
        "sunset": 1753097304,
        "weatherPicName": "多云",
        "sunshineDuration": 48072
    },
    {
        "datetime": 1753092098,
        "temp": 26.0,
        "weatherPic": "rainy-s",
        "sunrise": 1753049232,
        "sunset": 1753097304,
        "weatherPicName": "大雨",
        "sunshineDuration": 48072
    },
    {
        "datetime": 1753103132,
        "temp": 26.0,
        "weatherPic": "rainy-s",
        "sunrise": 1753049232,
        "sunset": 1753097304,
        "weatherPicName": "大雨",
        "sunshineDuration": 48072
    }
]