[
    {
        "datetime": 1749312270,
        "temp": 27.0,
        "weatherPic": "sunny",
        "sunrise": 1749333322,
        "sunset": 1749381966,
        "weatherPicName": "晴",
        "sunshineDuration": 48644
    },
    {
        "datetime": 1749322920,
        "temp": 26.0,
        "weatherPic": "cloudy",
        "sunrise": 1749333322,
        "sunset": 1749381966,
        "weatherPicName": "多云",
        "sunshineDuration": 48644
    },
    {
        "datetime": 1749333683,
        "temp": 26.0,
        "weatherPic": "cloudy",
        "sunrise": 1749333322,
        "sunset": 1749381966,
        "weatherPicName": "多云",
        "sunshineDuration": 48644
    },
    {
        "datetime": 1749344703,
        "temp": 29.0,
        "weatherPic": "cloudy",
        "sunrise": 1749333322,
        "sunset": 1749381966,
        "weatherPicName": "多云",
        "sunshineDuration": 48644
    },
    {
        "datetime": 1749355386,
        "temp": 32.0,
        "weatherPic": "cloudy",
        "sunrise": 1749333322,
        "sunset": 1749381966,
        "weatherPicName": "多云",
        "sunshineDuration": 48644
    },
    {
        "datetime": 1749377066,
        "temp": 31.0,
        "weatherPic": "cloudy",
        "sunrise": 1749333322,
        "sunset": 1749381966,
        "weatherPicName": "多云",
        "sunshineDuration": 48644
    },
    {
        "datetime": 1749387898,
        "temp": 28.0,
        "weatherPic": "cloudy",
        "sunrise": 1749333322,
        "sunset": 1749381966,
        "weatherPicName": "多云",
        "sunshineDuration": 48644
    }
]