[
    {
        "datetime": 1741968250,
        "temp": 25.0,
        "weatherPic": "cloudy",
        "sunrise": 1741992645,
        "sunset": 1742035831,
        "weatherPicName": "多云",
        "sunshineDuration": 43186
    },
    {
        "datetime": 1741979055,
        "temp": 23.0,
        "weatherPic": "cloudy",
        "sunrise": 1741992645,
        "sunset": 1742035831,
        "weatherPicName": "多云",
        "sunshineDuration": 43186
    },
    {
        "datetime": 1741989811,
        "temp": 21.0,
        "weatherPic": "cloudy",
        "sunrise": 1741992645,
        "sunset": 1742035831,
        "weatherPicName": "多云",
        "sunshineDuration": 43186
    },
    {
        "datetime": 1742000652,
        "temp": 20.0,
        "weatherPic": "cloudy",
        "sunrise": 1741992645,
        "sunset": 1742035831,
        "weatherPicName": "多云",
        "sunshineDuration": 43186
    },
    {
        "datetime": 1742011542,
        "temp": 18.0,
        "weatherPic": "cloudy",
        "sunrise": 1741992645,
        "sunset": 1742035831,
        "weatherPicName": "多云",
        "sunshineDuration": 43186
    },
    {
        "datetime": 1742022323,
        "temp": 16.0,
        "weatherPic": "cloudy",
        "sunrise": 1741992645,
        "sunset": 1742035831,
        "weatherPicName": "多云",
        "sunshineDuration": 43186
    },
    {
        "datetime": 1742033078,
        "temp": 17.0,
        "weatherPic": "cloudy",
        "sunrise": 1741992645,
        "sunset": 1742035831,
        "weatherPicName": "多云",
        "sunshineDuration": 43186
    },
    {
        "datetime": 1742043949,
        "temp": 15.0,
        "weatherPic": "cloudy",
        "sunrise": 1741992645,
        "sunset": 1742035831,
        "weatherPicName": "多云",
        "sunshineDuration": 43186
    }
]