[
    {
        "datetime": 1743696279,
        "temp": 22.0,
        "weatherPic": "cloudy",
        "sunrise": 1743719470,
        "sunset": 1743764265,
        "weatherPicName": "多云",
        "sunshineDuration": 44795
    },
    {
        "datetime": 1743707058,
        "temp": 20.0,
        "weatherPic": "cloudy",
        "sunrise": 1743719470,
        "sunset": 1743764265,
        "weatherPicName": "多云",
        "sunshineDuration": 44795
    },
    {
        "datetime": 1743717825,
        "temp": 18.0,
        "weatherPic": "cloudy",
        "sunrise": 1743719470,
        "sunset": 1743764265,
        "weatherPicName": "多云",
        "sunshineDuration": 44795
    },
    {
        "datetime": 1743728694,
        "temp": 22.0,
        "weatherPic": "cloudy",
        "sunrise": 1743719470,
        "sunset": 1743764265,
        "weatherPicName": "多云",
        "sunshineDuration": 44795
    },
    {
        "datetime": 1743739407,
        "temp": 27.0,
        "weatherPic": "cloudy",
        "sunrise": 1743719470,
        "sunset": 1743764265,
        "weatherPicName": "多云",
        "sunshineDuration": 44795
    },
    {
        "datetime": 1743750192,
        "temp": 29.0,
        "weatherPic": "cloudy",
        "sunrise": 1743719470,
        "sunset": 1743764265,
        "weatherPicName": "多云",
        "sunshineDuration": 44795
    },
    {
        "datetime": 1743760995,
        "temp": 28.0,
        "weatherPic": "cloudy",
        "sunrise": 1743719470,
        "sunset": 1743764265,
        "weatherPicName": "多云",
        "sunshineDuration": 44795
    },
    {
        "datetime": 1743771877,
        "temp": 24.0,
        "weatherPic": "sunny",
        "sunrise": 1743719470,
        "sunset": 1743764265,
        "weatherPicName": "晴",
        "sunshineDuration": 44795
    }
]