[
    {
        "datetime": 1746979526,
        "temp": 20.0,
        "weatherPic": "cloudy",
        "sunrise": 1747000926,
        "sunset": 1747048434,
        "weatherPicName": "多云",
        "sunshineDuration": 47508
    },
    {
        "datetime": 1746990169,
        "temp": 19.0,
        "weatherPic": "sunny",
        "sunrise": 1747000926,
        "sunset": 1747048434,
        "weatherPicName": "晴",
        "sunshineDuration": 47508
    },
    {
        "datetime": 1747000921,
        "temp": 18.0,
        "weatherPic": "sunny",
        "sunrise": 1747000926,
        "sunset": 1747048434,
        "weatherPicName": "晴",
        "sunshineDuration": 47508
    },
    {
        "datetime": 1747011866,
        "temp": 22.0,
        "weatherPic": "sunny",
        "sunrise": 1747000926,
        "sunset": 1747048434,
        "weatherPicName": "晴",
        "sunshineDuration": 47508
    },
    {
        "datetime": 1747022631,
        "temp": 27.0,
        "weatherPic": "sunny",
        "sunrise": 1747000926,
        "sunset": 1747048434,
        "weatherPicName": "晴",
        "sunshineDuration": 47508
    },
    {
        "datetime": 1747033505,
        "temp": 29.0,
        "weatherPic": "sunny",
        "sunrise": 1747000926,
        "sunset": 1747048434,
        "weatherPicName": "晴",
        "sunshineDuration": 47508
    },
    {
        "datetime": 1747044266,
        "temp": 28.0,
        "weatherPic": "sunny",
        "sunrise": 1747000926,
        "sunset": 1747048434,
        "weatherPicName": "晴",
        "sunshineDuration": 47508
    },
    {
        "datetime": 1747055169,
        "temp": 23.0,
        "weatherPic": "sunny",
        "sunrise": 1747000926,
        "sunset": 1747048434,
        "weatherPicName": "晴",
        "sunshineDuration": 47508
    }
]