[
    {
        "datetime": 1736438698,
        "temp": 10.0,
        "weatherPic": "cloudy",
        "sunrise": 1736465069,
        "sunset": 1736503987,
        "weatherPicName": "多云",
        "sunshineDuration": 38918
    },
    {
        "datetime": 1736449452,
        "temp": 9.0,
        "weatherPic": "cloudy",
        "sunrise": 1736465069,
        "sunset": 1736503987,
        "weatherPicName": "多云",
        "sunshineDuration": 38918
    },
    {
        "datetime": 1736460237,
        "temp": 8.0,
        "weatherPic": "cloudy",
        "sunrise": 1736465069,
        "sunset": 1736503987,
        "weatherPicName": "多云",
        "sunshineDuration": 38918
    },
    {
        "datetime": 1736471105,
        "temp": 9.0,
        "weatherPic": "sunny",
        "sunrise": 1736465069,
        "sunset": 1736503987,
        "weatherPicName": "晴",
        "sunshineDuration": 38918
    },
    {
        "datetime": 1736481887,
        "temp": 14.0,
        "weatherPic": "sunny",
        "sunrise": 1736465069,
        "sunset": 1736503987,
        "weatherPicName": "晴",
        "sunshineDuration": 38918
    },
    {
        "datetime": 1736492638,
        "temp": 16.0,
        "weatherPic": "sunny",
        "sunrise": 1736465069,
        "sunset": 1736503987,
        "weatherPicName": "晴",
        "sunshineDuration": 38918
    },
    {
        "datetime": 1736503549,
        "temp": 15.0,
        "weatherPic": "sunny",
        "sunrise": 1736465069,
        "sunset": 1736503987,
        "weatherPicName": "晴",
        "sunshineDuration": 38918
    },
    {
        "datetime": 1736514283,
        "temp": 13.0,
        "weatherPic": "sunny",
        "sunrise": 1736465069,
        "sunset": 1736503987,
        "weatherPicName": "晴",
        "sunshineDuration": 38918
    }
]