[
    {
        "datetime": 1751645141,
        "temp": 27.0,
        "weatherPic": "cloudy",
        "sunrise": 1751666440,
        "sunset": 1751715074,
        "weatherPicName": "多云",
        "sunshineDuration": 48634
    },
    {
        "datetime": 1751655632,
        "temp": 26.0,
        "weatherPic": "sunny",
        "sunrise": 1751666440,
        "sunset": 1751715074,
        "weatherPicName": "晴",
        "sunshineDuration": 48634
    },
    {
        "datetime": 1751666414,
        "temp": 26.0,
        "weatherPic": "sunny",
        "sunrise": 1751666440,
        "sunset": 1751715074,
        "weatherPicName": "晴",
        "sunshineDuration": 48634
    },
    {
        "datetime": 1751677271,
        "temp": 29.0,
        "weatherPic": "sunny",
        "sunrise": 1751666440,
        "sunset": 1751715074,
        "weatherPicName": "晴",
        "sunshineDuration": 48634
    },
    {
        "datetime": 1751688124,
        "temp": 33.0,
        "weatherPic": "sunny",
        "sunrise": 1751666440,
        "sunset": 1751715074,
        "weatherPicName": "晴",
        "sunshineDuration": 48634
    },
    {
        "datetime": 1751699092,
        "temp": 35.0,
        "weatherPic": "cloudy",
        "sunrise": 1751666440,
        "sunset": 1751715074,
        "weatherPicName": "多云",
        "sunshineDuration": 48634
    },
    {
        "datetime": 1751709737,
        "temp": 34.0,
        "weatherPic": "cloudy",
        "sunrise": 1751666440,
        "sunset": 1751715074,
        "weatherPicName": "多云",
        "sunshineDuration": 48634
    },
    {
        "datetime": 1751720653,
        "temp": 30.0,
        "weatherPic": "cloudy",
        "sunrise": 1751666440,
        "sunset": 1751715074,
        "weatherPicName": "多云",
        "sunshineDuration": 48634
    }
]