[
    {
        "datetime": 1741795467,
        "temp": 23.0,
        "weatherPic": "cloudy",
        "sunrise": 1741819961,
        "sunset": 1741862985,
        "weatherPicName": "多云",
        "sunshineDuration": 43024
    },
    {
        "datetime": 1741806132,
        "temp": 22.0,
        "weatherPic": "sunny",
        "sunrise": 1741819961,
        "sunset": 1741862985,
        "weatherPicName": "晴",
        "sunshineDuration": 43024
    },
    {
        "datetime": 1741816942,
        "temp": 22.0,
        "weatherPic": "cloudy",
        "sunrise": 1741819961,
        "sunset": 1741862985,
        "weatherPicName": "多云",
        "sunshineDuration": 43024
    },
    {
        "datetime": 1741827848,
        "temp": 23.0,
        "weatherPic": "cloudy",
        "sunrise": 1741819961,
        "sunset": 1741862985,
        "weatherPicName": "多云",
        "sunshineDuration": 43024
    },
    {
        "datetime": 1741838577,
        "temp": 26.0,
        "weatherPic": "cloudy",
        "sunrise": 1741819961,
        "sunset": 1741862985,
        "weatherPicName": "多云",
        "sunshineDuration": 43024
    },
    {
        "datetime": 1741849489,
        "temp": 28.0,
        "weatherPic": "cloudy",
        "sunrise": 1741819961,
        "sunset": 1741862985,
        "weatherPicName": "多云",
        "sunshineDuration": 43024
    },
    {
        "datetime": 1741860299,
        "temp": 28.0,
        "weatherPic": "cloudy",
        "sunrise": 1741819961,
        "sunset": 1741862985,
        "weatherPicName": "多云",
        "sunshineDuration": 43024
    },
    {
        "datetime": 1741870991,
        "temp": 26.0,
        "weatherPic": "sunny",
        "sunrise": 1741819961,
        "sunset": 1741862985,
        "weatherPicName": "晴",
        "sunshineDuration": 43024
    }
]