[
    {
        "datetime": 1738598685,
        "temp": 12.0,
        "weatherPic": "cloudy",
        "sunrise": 1738624816,
        "sunset": 1738665041,
        "weatherPicName": "多云",
        "sunshineDuration": 40225
    },
    {
        "datetime": 1738609463,
        "temp": 10.0,
        "weatherPic": "cloudy",
        "sunrise": 1738624816,
        "sunset": 1738665041,
        "weatherPicName": "多云",
        "sunshineDuration": 40225
    },
    {
        "datetime": 1738620192,
        "temp": 9.0,
        "weatherPic": "cloudy",
        "sunrise": 1738624816,
        "sunset": 1738665041,
        "weatherPicName": "多云",
        "sunshineDuration": 40225
    },
    {
        "datetime": 1738631063,
        "temp": 10.0,
        "weatherPic": "cloudy",
        "sunrise": 1738624816,
        "sunset": 1738665041,
        "weatherPicName": "多云",
        "sunshineDuration": 40225
    },
    {
        "datetime": 1738641876,
        "temp": 15.0,
        "weatherPic": "cloudy",
        "sunrise": 1738624816,
        "sunset": 1738665041,
        "weatherPicName": "多云",
        "sunshineDuration": 40225
    },
    {
        "datetime": 1738652683,
        "temp": 18.0,
        "weatherPic": "cloudy",
        "sunrise": 1738624816,
        "sunset": 1738665041,
        "weatherPicName": "多云",
        "sunshineDuration": 40225
    },
    {
        "datetime": 1738663421,
        "temp": 18.0,
        "weatherPic": "cloudy",
        "sunrise": 1738624816,
        "sunset": 1738665041,
        "weatherPicName": "多云",
        "sunshineDuration": 40225
    },
    {
        "datetime": 1738674215,
        "temp": 16.0,
        "weatherPic": "cloudy",
        "sunrise": 1738624816,
        "sunset": 1738665041,
        "weatherPicName": "多云",
        "sunshineDuration": 40225
    }
]