[
    {
        "datetime": 1744992383,
        "temp": 26.0,
        "weatherPic": "sunny",
        "sunrise": 1745014656,
        "sunset": 1745060610,
        "weatherPicName": "晴",
        "sunshineDuration": 45954
    },
    {
        "datetime": 1745002950,
        "temp": 25.0,
        "weatherPic": "cloudy",
        "sunrise": 1745014656,
        "sunset": 1745060610,
        "weatherPicName": "多云",
        "sunshineDuration": 45954
    },
    {
        "datetime": 1745013843,
        "temp": 25.0,
        "weatherPic": "cloudy",
        "sunrise": 1745014656,
        "sunset": 1745060610,
        "weatherPicName": "多云",
        "sunshineDuration": 45954
    },
    {
        "datetime": 1745024760,
        "temp": 28.0,
        "weatherPic": "rainy-s",
        "sunrise": 1745014656,
        "sunset": 1745060610,
        "weatherPicName": "大雨",
        "sunshineDuration": 45954
    },
    {
        "datetime": 1745035422,
        "temp": 32.0,
        "weatherPic": "cloudy",
        "sunrise": 1745014656,
        "sunset": 1745060610,
        "weatherPicName": "多云",
        "sunshineDuration": 45954
    },
    {
        "datetime": 1745046235,
        "temp": 32.0,
        "weatherPic": "cloudy",
        "sunrise": 1745014656,
        "sunset": 1745060610,
        "weatherPicName": "多云",
        "sunshineDuration": 45954
    },
    {
        "datetime": 1745057011,
        "temp": 33.0,
        "weatherPic": "cloudy",
        "sunrise": 1745014656,
        "sunset": 1745060610,
        "weatherPicName": "多云",
        "sunshineDuration": 45954
    },
    {
        "datetime": 1745067823,
        "temp": 28.0,
        "weatherPic": "cloudy",
        "sunrise": 1745014656,
        "sunset": 1745060610,
        "weatherPicName": "多云",
        "sunshineDuration": 45954
    }
]