[
    {
        "datetime": 1750435397,
        "temp": 25.0,
        "weatherPic": "cloudy",
        "sunrise": 1750456600,
        "sunset": 1750505396,
        "weatherPicName": "多云",
        "sunshineDuration": 48796
    },
    {
        "datetime": 1750446086,
        "temp": 25.0,
        "weatherPic": "cloudy",
        "sunrise": 1750456600,
        "sunset": 1750505396,
        "weatherPicName": "多云",
        "sunshineDuration": 48796
    },
    {
        "datetime": 1750457041,
        "temp": 25.0,
        "weatherPic": "cloudy",
        "sunrise": 1750456600,
        "sunset": 1750505396,
        "weatherPicName": "多云",
        "sunshineDuration": 48796
    },
    {
        "datetime": 1750467945,
        "temp": 27.0,
        "weatherPic": "cloudy",
        "sunrise": 1750456600,
        "sunset": 1750505396,
        "weatherPicName": "多云",
        "sunshineDuration": 48796
    },
    {
        "datetime": 1750478679,
        "temp": 29.0,
        "weatherPic": "cloudy",
        "sunrise": 1750456600,
        "sunset": 1750505396,
        "weatherPicName": "多云",
        "sunshineDuration": 48796
    },
    {
        "datetime": 1750489318,
        "temp": 30.0,
        "weatherPic": "cloudy",
        "sunrise": 1750456600,
        "sunset": 1750505396,
        "weatherPicName": "多云",
        "sunshineDuration": 48796
    },
    {
        "datetime": 1750500136,
        "temp": 29.0,
        "weatherPic": "cloudy",
        "sunrise": 1750456600,
        "sunset": 1750505396,
        "weatherPicName": "多云",
        "sunshineDuration": 48796
    },
    {
        "datetime": 1750510932,
        "temp": 27.0,
        "weatherPic": "cloudy",
        "sunrise": 1750456600,
        "sunset": 1750505396,
        "weatherPicName": "多云",
        "sunshineDuration": 48796
    }
]