[
    {
        "datetime": 1738944251,
        "temp": 9.0,
        "weatherPic": "cloudy",
        "sunrise": 1738970300,
        "sunset": 1739010796,
        "weatherPicName": "多云",
        "sunshineDuration": 40496
    },
    {
        "datetime": 1738955009,
        "temp": 9.0,
        "weatherPic": "cloudy",
        "sunrise": 1738970300,
        "sunset": 1739010796,
        "weatherPicName": "多云",
        "sunshineDuration": 40496
    },
    {
        "datetime": 1738965827,
        "temp": 9.0,
        "weatherPic": "cloudy",
        "sunrise": 1738970300,
        "sunset": 1739010796,
        "weatherPicName": "多云",
        "sunshineDuration": 40496
    },
    {
        "datetime": 1738976612,
        "temp": 9.0,
        "weatherPic": "cloudy",
        "sunrise": 1738970300,
        "sunset": 1739010796,
        "weatherPicName": "多云",
        "sunshineDuration": 40496
    },
    {
        "datetime": 1738987501,
        "temp": 9.0,
        "weatherPic": "cloudy",
        "sunrise": 1738970300,
        "sunset": 1739010796,
        "weatherPicName": "多云",
        "sunshineDuration": 40496
    },
    {
        "datetime": 1738998238,
        "temp": 9.0,
        "weatherPic": "cloudy",
        "sunrise": 1738970300,
        "sunset": 1739010796,
        "weatherPicName": "多云",
        "sunshineDuration": 40496
    },
    {
        "datetime": 1739009025,
        "temp": 9.0,
        "weatherPic": "cloudy",
        "sunrise": 1738970300,
        "sunset": 1739010796,
        "weatherPicName": "多云",
        "sunshineDuration": 40496
    },
    {
        "datetime": 1739019897,
        "temp": 9.0,
        "weatherPic": "cloudy",
        "sunrise": 1738970300,
        "sunset": 1739010796,
        "weatherPicName": "多云",
        "sunshineDuration": 40496
    }
]