[
    {
        "datetime": 1738080234,
        "temp": 16.0,
        "weatherPic": "cloudy",
        "sunrise": 1738106552,
        "sunset": 1738146397,
        "weatherPicName": "多云",
        "sunshineDuration": 39845
    },
    {
        "datetime": 1738091036,
        "temp": 16.0,
        "weatherPic": "cloudy",
        "sunrise": 1738106552,
        "sunset": 1738146397,
        "weatherPicName": "多云",
        "sunshineDuration": 39845
    },
    {
        "datetime": 1738101853,
        "temp": 15.0,
        "weatherPic": "cloudy",
        "sunrise": 1738106552,
        "sunset": 1738146397,
        "weatherPicName": "多云",
        "sunshineDuration": 39845
    },
    {
        "datetime": 1738112662,
        "temp": 16.0,
        "weatherPic": "cloudy",
        "sunrise": 1738106552,
        "sunset": 1738146397,
        "weatherPicName": "多云",
        "sunshineDuration": 39845
    },
    {
        "datetime": 1738123492,
        "temp": 20.0,
        "weatherPic": "cloudy",
        "sunrise": 1738106552,
        "sunset": 1738146397,
        "weatherPicName": "多云",
        "sunshineDuration": 39845
    },
    {
        "datetime": 1738134227,
        "temp": 22.0,
        "weatherPic": "sunny",
        "sunrise": 1738106552,
        "sunset": 1738146397,
        "weatherPicName": "晴",
        "sunshineDuration": 39845
    },
    {
        "datetime": 1738145069,
        "temp": 22.0,
        "weatherPic": "sunny",
        "sunrise": 1738106552,
        "sunset": 1738146397,
        "weatherPicName": "晴",
        "sunshineDuration": 39845
    },
    {
        "datetime": 1738155842,
        "temp": 19.0,
        "weatherPic": "sunny",
        "sunrise": 1738106552,
        "sunset": 1738146397,
        "weatherPicName": "晴",
        "sunshineDuration": 39845
    }
]