[
    {
        "datetime": 1746374618,
        "temp": 26.0,
        "weatherPic": "sunny",
        "sunrise": 1746396358,
        "sunset": 1746443433,
        "weatherPicName": "晴",
        "sunshineDuration": 47075
    },
    {
        "datetime": 1746385348,
        "temp": 26.0,
        "weatherPic": "cloudy",
        "sunrise": 1746396358,
        "sunset": 1746443433,
        "weatherPicName": "多云",
        "sunshineDuration": 47075
    },
    {
        "datetime": 1746396136,
        "temp": 25.0,
        "weatherPic": "cloudy",
        "sunrise": 1746396358,
        "sunset": 1746443433,
        "weatherPicName": "多云",
        "sunshineDuration": 47075
    },
    {
        "datetime": 1746407011,
        "temp": 29.0,
        "weatherPic": "cloudy",
        "sunrise": 1746396358,
        "sunset": 1746443433,
        "weatherPicName": "多云",
        "sunshineDuration": 47075
    },
    {
        "datetime": 1746417920,
        "temp": 32.0,
        "weatherPic": "cloudy",
        "sunrise": 1746396358,
        "sunset": 1746443433,
        "weatherPicName": "多云",
        "sunshineDuration": 47075
    },
    {
        "datetime": 1746428694,
        "temp": 35.0,
        "weatherPic": "cloudy",
        "sunrise": 1746396358,
        "sunset": 1746443433,
        "weatherPicName": "多云",
        "sunshineDuration": 47075
    },
    {
        "datetime": 1746439479,
        "temp": 33.0,
        "weatherPic": "cloudy",
        "sunrise": 1746396358,
        "sunset": 1746443433,
        "weatherPicName": "多云",
        "sunshineDuration": 47075
    },
    {
        "datetime": 1746450032,
        "temp": 28.0,
        "weatherPic": "cloudy",
        "sunrise": 1746396358,
        "sunset": 1746443433,
        "weatherPicName": "多云",
        "sunshineDuration": 47075
    }
]