[
    {
        "datetime": 1752163512,
        "temp": 28.0,
        "weatherPic": "rainy-s",
        "sunrise": 1752184978,
        "sunset": 1752233444,
        "weatherPicName": "大雨",
        "sunshineDuration": 48466
    },
    {
        "datetime": 1752174077,
        "temp": 26.0,
        "weatherPic": "cloudy",
        "sunrise": 1752184978,
        "sunset": 1752233444,
        "weatherPicName": "多云",
        "sunshineDuration": 48466
    },
    {
        "datetime": 1752185019,
        "temp": 26.0,
        "weatherPic": "cloudy",
        "sunrise": 1752184978,
        "sunset": 1752233444,
        "weatherPicName": "多云",
        "sunshineDuration": 48466
    },
    {
        "datetime": 1752195670,
        "temp": 29.0,
        "weatherPic": "cloudy",
        "sunrise": 1752184978,
        "sunset": 1752233444,
        "weatherPicName": "多云",
        "sunshineDuration": 48466
    },
    {
        "datetime": 1752206701,
        "temp": 32.0,
        "weatherPic": "cloudy",
        "sunrise": 1752184978,
        "sunset": 1752233444,
        "weatherPicName": "多云",
        "sunshineDuration": 48466
    },
    {
        "datetime": 1752217546,
        "temp": 32.0,
        "weatherPic": "rainy-s",
        "sunrise": 1752184978,
        "sunset": 1752233444,
        "weatherPicName": "大雨",
        "sunshineDuration": 48466
    },
    {
        "datetime": 1752228327,
        "temp": 30.0,
        "weatherPic": "rainy-s",
        "sunrise": 1752184978,
        "sunset": 1752233444,
        "weatherPicName": "大雨",
        "sunshineDuration": 48466
    },
    {
        "datetime": 1752239199,
        "temp": 27.0,
        "weatherPic": "rainy-s",
        "sunrise": 1752184978,
        "sunset": 1752233444,
        "weatherPicName": "大雨",
        "sunshineDuration": 48466
    }
]