[
    {
        "datetime": 1748448159,
        "temp": 23.0,
        "weatherPic": "rainy-s",
        "sunrise": 1748469379,
        "sunset": 1748517718,
        "weatherPicName": "大雨",
        "sunshineDuration": 48339
    },
    {
        "datetime": 1748458920,
        "temp": 23.0,
        "weatherPic": "cloudy",
        "sunrise": 1748469379,
        "sunset": 1748517718,
        "weatherPicName": "多云",
        "sunshineDuration": 48339
    },
    {
        "datetime": 1748469719,
        "temp": 23.0,
        "weatherPic": "cloudy",
        "sunrise": 1748469379,
        "sunset": 1748517718,
        "weatherPicName": "多云",
        "sunshineDuration": 48339
    },
    {
        "datetime": 1748480718,
        "temp": 22.0,
        "weatherPic": "rainy-s",
        "sunrise": 1748469379,
        "sunset": 1748517718,
        "weatherPicName": "大雨",
        "sunshineDuration": 48339
    },
    {
        "datetime": 1748491354,
        "temp": 23.0,
        "weatherPic": "cloudy",
        "sunrise": 1748469379,
        "sunset": 1748517718,
        "weatherPicName": "多云",
        "sunshineDuration": 48339
    },
    {
        "datetime": 1748502235,
        "temp": 22.0,
        "weatherPic": "rainy-s",
        "sunrise": 1748469379,
        "sunset": 1748517718,
        "weatherPicName": "大雨",
        "sunshineDuration": 48339
    },
    {
        "datetime": 1748512948,
        "temp": 22.0,
        "weatherPic": "rainy-s",
        "sunrise": 1748469379,
        "sunset": 1748517718,
        "weatherPicName": "大雨",
        "sunshineDuration": 48339
    },
    {
        "datetime": 1748523812,
        "temp": 22.0,
        "weatherPic": "cloudy",
        "sunrise": 1748469379,
        "sunset": 1748517718,
        "weatherPicName": "多云",
        "sunshineDuration": 48339
    }
]