[
    {
        "datetime": 1739635415,
        "temp": 14.0,
        "weatherPic": "cloudy",
        "sunrise": 1739661214,
        "sunset": 1739702283,
        "weatherPicName": "多云",
        "sunshineDuration": 41069
    },
    {
        "datetime": 1739646176,
        "temp": 13.0,
        "weatherPic": "cloudy",
        "sunrise": 1739661214,
        "sunset": 1739702283,
        "weatherPicName": "多云",
        "sunshineDuration": 41069
    },
    {
        "datetime": 1739657002,
        "temp": 13.0,
        "weatherPic": "cloudy",
        "sunrise": 1739661214,
        "sunset": 1739702283,
        "weatherPicName": "多云",
        "sunshineDuration": 41069
    },
    {
        "datetime": 1739667880,
        "temp": 14.0,
        "weatherPic": "cloudy",
        "sunrise": 1739661214,
        "sunset": 1739702283,
        "weatherPicName": "多云",
        "sunshineDuration": 41069
    },
    {
        "datetime": 1739678611,
        "temp": 15.0,
        "weatherPic": "cloudy",
        "sunrise": 1739661214,
        "sunset": 1739702283,
        "weatherPicName": "多云",
        "sunshineDuration": 41069
    },
    {
        "datetime": 1739689489,
        "temp": 14.0,
        "weatherPic": "cloudy",
        "sunrise": 1739661214,
        "sunset": 1739702283,
        "weatherPicName": "多云",
        "sunshineDuration": 41069
    },
    {
        "datetime": 1739700013,
        "temp": 15.0,
        "weatherPic": "cloudy",
        "sunrise": 1739661214,
        "sunset": 1739702283,
        "weatherPicName": "多云",
        "sunshineDuration": 41069
    },
    {
        "datetime": 1739711073,
        "temp": 14.0,
        "weatherPic": "cloudy",
        "sunrise": 1739661214,
        "sunset": 1739702283,
        "weatherPicName": "多云",
        "sunshineDuration": 41069
    }
]