[
    {
        "datetime": 1737648323,
        "temp": 21.0,
        "weatherPic": "cloudy",
        "sunrise": 1737674630,
        "sunset": 1737714186,
        "weatherPicName": "多云",
        "sunshineDuration": 39556
    },
    {
        "datetime": 1737659060,
        "temp": 20.0,
        "weatherPic": "cloudy",
        "sunrise": 1737674630,
        "sunset": 1737714186,
        "weatherPicName": "多云",
        "sunshineDuration": 39556
    },
    {
        "datetime": 1737669839,
        "temp": 18.0,
        "weatherPic": "sunny",
        "sunrise": 1737674630,
        "sunset": 1737714186,
        "weatherPicName": "晴",
        "sunshineDuration": 39556
    },
    {
        "datetime": 1737680607,
        "temp": 18.0,
        "weatherPic": "cloudy",
        "sunrise": 1737674630,
        "sunset": 1737714186,
        "weatherPicName": "多云",
        "sunshineDuration": 39556
    },
    {
        "datetime": 1737691461,
        "temp": 21.0,
        "weatherPic": "cloudy",
        "sunrise": 1737674630,
        "sunset": 1737714186,
        "weatherPicName": "多云",
        "sunshineDuration": 39556
    },
    {
        "datetime": 1737702258,
        "temp": 24.0,
        "weatherPic": "cloudy",
        "sunrise": 1737674630,
        "sunset": 1737714186,
        "weatherPicName": "多云",
        "sunshineDuration": 39556
    },
    {
        "datetime": 1737713064,
        "temp": 24.0,
        "weatherPic": "cloudy",
        "sunrise": 1737674630,
        "sunset": 1737714186,
        "weatherPicName": "多云",
        "sunshineDuration": 39556
    },
    {
        "datetime": 1737723906,
        "temp": 21.0,
        "weatherPic": "cloudy",
        "sunrise": 1737674630,
        "sunset": 1737714186,
        "weatherPicName": "多云",
        "sunshineDuration": 39556
    }
]