[
    {
        "datetime": 1736957069,
        "temp": 14.0,
        "weatherPic": "sunny",
        "sunrise": 1736983485,
        "sunset": 1737022642,
        "weatherPicName": "晴",
        "sunshineDuration": 39157
    },
    {
        "datetime": 1736967835,
        "temp": 12.0,
        "weatherPic": "cloudy",
        "sunrise": 1736983485,
        "sunset": 1737022642,
        "weatherPicName": "多云",
        "sunshineDuration": 39157
    },
    {
        "datetime": 1736978637,
        "temp": 11.0,
        "weatherPic": "cloudy",
        "sunrise": 1736983485,
        "sunset": 1737022642,
        "weatherPicName": "多云",
        "sunshineDuration": 39157
    },
    {
        "datetime": 1736989427,
        "temp": 12.0,
        "weatherPic": "sunny",
        "sunrise": 1736983485,
        "sunset": 1737022642,
        "weatherPicName": "晴",
        "sunshineDuration": 39157
    },
    {
        "datetime": 1737000233,
        "temp": 18.0,
        "weatherPic": "sunny",
        "sunrise": 1736983485,
        "sunset": 1737022642,
        "weatherPicName": "晴",
        "sunshineDuration": 39157
    },
    {
        "datetime": 1737011081,
        "temp": 21.0,
        "weatherPic": "sunny",
        "sunrise": 1736983485,
        "sunset": 1737022642,
        "weatherPicName": "晴",
        "sunshineDuration": 39157
    },
    {
        "datetime": 1737021846,
        "temp": 19.0,
        "weatherPic": "sunny",
        "sunrise": 1736983485,
        "sunset": 1737022642,
        "weatherPicName": "晴",
        "sunshineDuration": 39157
    },
    {
        "datetime": 1737032658,
        "temp": 16.0,
        "weatherPic": "sunny",
        "sunrise": 1736983485,
        "sunset": 1737022642,
        "weatherPicName": "晴",
        "sunshineDuration": 39157
    }
]