[
    {
        "datetime": 1738339463,
        "temp": 19.0,
        "weatherPic": "cloudy",
        "sunrise": 1738365690,
        "sunset": 1738405721,
        "weatherPicName": "多云",
        "sunshineDuration": 40031
    },
    {
        "datetime": 1738350206,
        "temp": 18.0,
        "weatherPic": "cloudy",
        "sunrise": 1738365690,
        "sunset": 1738405721,
        "weatherPicName": "多云",
        "sunshineDuration": 40031
    },
    {
        "datetime": 1738360992,
        "temp": 17.0,
        "weatherPic": "cloudy",
        "sunrise": 1738365690,
        "sunset": 1738405721,
        "weatherPicName": "多云",
        "sunshineDuration": 40031
    },
    {
        "datetime": 1738371865,
        "temp": 19.0,
        "weatherPic": "cloudy",
        "sunrise": 1738365690,
        "sunset": 1738405721,
        "weatherPicName": "多云",
        "sunshineDuration": 40031
    },
    {
        "datetime": 1738382699,
        "temp": 23.0,
        "weatherPic": "cloudy",
        "sunrise": 1738365690,
        "sunset": 1738405721,
        "weatherPicName": "多云",
        "sunshineDuration": 40031
    },
    {
        "datetime": 1738393440,
        "temp": 22.0,
        "weatherPic": "cloudy",
        "sunrise": 1738365690,
        "sunset": 1738405721,
        "weatherPicName": "多云",
        "sunshineDuration": 40031
    },
    {
        "datetime": 1738404254,
        "temp": 22.0,
        "weatherPic": "cloudy",
        "sunrise": 1738365690,
        "sunset": 1738405721,
        "weatherPicName": "多云",
        "sunshineDuration": 40031
    },
    {
        "datetime": 1738415022,
        "temp": 19.0,
        "weatherPic": "cloudy",
        "sunrise": 1738365690,
        "sunset": 1738405721,
        "weatherPicName": "多云",
        "sunshineDuration": 40031
    }
]