[
    {
        "datetime": 1751904068,
        "temp": 27.0,
        "weatherPic": "cloudy",
        "sunrise": 1751925707,
        "sunset": 1751974264,
        "weatherPicName": "多云",
        "sunshineDuration": 48557
    },
    {
        "datetime": 1751915062,
        "temp": 26.0,
        "weatherPic": "cloudy",
        "sunrise": 1751925707,
        "sunset": 1751974264,
        "weatherPicName": "多云",
        "sunshineDuration": 48557
    },
    {
        "datetime": 1751925652,
        "temp": 26.0,
        "weatherPic": "cloudy",
        "sunrise": 1751925707,
        "sunset": 1751974264,
        "weatherPicName": "多云",
        "sunshineDuration": 48557
    },
    {
        "datetime": 1751936470,
        "temp": 29.0,
        "weatherPic": "cloudy",
        "sunrise": 1751925707,
        "sunset": 1751974264,
        "weatherPicName": "多云",
        "sunshineDuration": 48557
    },
    {
        "datetime": 1751947373,
        "temp": 32.0,
        "weatherPic": "cloudy",
        "sunrise": 1751925707,
        "sunset": 1751974264,
        "weatherPicName": "多云",
        "sunshineDuration": 48557
    },
    {
        "datetime": 1751958309,
        "temp": 32.0,
        "weatherPic": "cloudy",
        "sunrise": 1751925707,
        "sunset": 1751974264,
        "weatherPicName": "多云",
        "sunshineDuration": 48557
    },
    {
        "datetime": 1751969119,
        "temp": 32.0,
        "weatherPic": "cloudy",
        "sunrise": 1751925707,
        "sunset": 1751974264,
        "weatherPicName": "多云",
        "sunshineDuration": 48557
    },
    {
        "datetime": 1751979664,
        "temp": 29.0,
        "weatherPic": "cloudy",
        "sunrise": 1751925707,
        "sunset": 1751974264,
        "weatherPicName": "多云",
        "sunshineDuration": 48557
    }
]