[
    {
        "datetime": 1746029025,
        "temp": 24.0,
        "weatherPic": "rainy-s",
        "sunrise": 1746050912,
        "sunset": 1746097722,
        "weatherPicName": "大雨",
        "sunshineDuration": 46810
    },
    {
        "datetime": 1746039859,
        "temp": 24.0,
        "weatherPic": "cloudy",
        "sunrise": 1746050912,
        "sunset": 1746097722,
        "weatherPicName": "多云",
        "sunshineDuration": 46810
    },
    {
        "datetime": 1746050559,
        "temp": 24.0,
        "weatherPic": "cloudy",
        "sunrise": 1746050912,
        "sunset": 1746097722,
        "weatherPicName": "多云",
        "sunshineDuration": 46810
    },
    {
        "datetime": 1746061558,
        "temp": 24.0,
        "weatherPic": "cloudy",
        "sunrise": 1746050912,
        "sunset": 1746097722,
        "weatherPicName": "多云",
        "sunshineDuration": 46810
    },
    {
        "datetime": 1746072325,
        "temp": 27.0,
        "weatherPic": "rainy-s",
        "sunrise": 1746050912,
        "sunset": 1746097722,
        "weatherPicName": "大雨",
        "sunshineDuration": 46810
    },
    {
        "datetime": 1746083016,
        "temp": 30.0,
        "weatherPic": "rainy-s",
        "sunrise": 1746050912,
        "sunset": 1746097722,
        "weatherPicName": "大雨",
        "sunshineDuration": 46810
    },
    {
        "datetime": 1746093920,
        "temp": 29.0,
        "weatherPic": "cloudy",
        "sunrise": 1746050912,
        "sunset": 1746097722,
        "weatherPicName": "多云",
        "sunshineDuration": 46810
    },
    {
        "datetime": 1746104639,
        "temp": 26.0,
        "weatherPic": "cloudy",
        "sunrise": 1746050912,
        "sunset": 1746097722,
        "weatherPicName": "多云",
        "sunshineDuration": 46810
    }
]