[
    {
        "datetime": 1739808211,
        "temp": 14.0,
        "weatherPic": "cloudy",
        "sunrise": 1739833932,
        "sunset": 1739875150,
        "weatherPicName": "多云",
        "sunshineDuration": 41218
    },
    {
        "datetime": 1739819059,
        "temp": 12.0,
        "weatherPic": "cloudy",
        "sunrise": 1739833932,
        "sunset": 1739875150,
        "weatherPicName": "多云",
        "sunshineDuration": 41218
    },
    {
        "datetime": 1739829857,
        "temp": 12.0,
        "weatherPic": "cloudy",
        "sunrise": 1739833932,
        "sunset": 1739875150,
        "weatherPicName": "多云",
        "sunshineDuration": 41218
    },
    {
        "datetime": 1739840591,
        "temp": 12.0,
        "weatherPic": "cloudy",
        "sunrise": 1739833932,
        "sunset": 1739875150,
        "weatherPicName": "多云",
        "sunshineDuration": 41218
    },
    {
        "datetime": 1739851423,
        "temp": 14.0,
        "weatherPic": "cloudy",
        "sunrise": 1739833932,
        "sunset": 1739875150,
        "weatherPicName": "多云",
        "sunshineDuration": 41218
    },
    {
        "datetime": 1739862209,
        "temp": 15.0,
        "weatherPic": "cloudy",
        "sunrise": 1739833932,
        "sunset": 1739875150,
        "weatherPicName": "多云",
        "sunshineDuration": 41218
    },
    {
        "datetime": 1739872962,
        "temp": 16.0,
        "weatherPic": "cloudy",
        "sunrise": 1739833932,
        "sunset": 1739875150,
        "weatherPicName": "多云",
        "sunshineDuration": 41218
    },
    {
        "datetime": 1739883835,
        "temp": 14.0,
        "weatherPic": "cloudy",
        "sunrise": 1739833932,
        "sunset": 1739875150,
        "weatherPicName": "多云",
        "sunshineDuration": 41218
    }
]