[
    {
        "datetime": 1735747388,
        "temp": 17.0,
        "weatherPic": "sunny",
        "sunrise": 1735773776,
        "sunset": 1735812466,
        "weatherPicName": "晴",
        "sunshineDuration": 38690
    },
    {
        "datetime": 1735758250,
        "temp": 15.0,
        "weatherPic": "sunny",
        "sunrise": 1735773776,
        "sunset": 1735812466,
        "weatherPicName": "晴",
        "sunshineDuration": 38690
    },
    {
        "datetime": 1735769033,
        "temp": 14.0,
        "weatherPic": "sunny",
        "sunrise": 1735773776,
        "sunset": 1735812466,
        "weatherPicName": "晴",
        "sunshineDuration": 38690
    },
    {
        "datetime": 1735779850,
        "temp": 17.0,
        "weatherPic": "sunny",
        "sunrise": 1735773776,
        "sunset": 1735812466,
        "weatherPicName": "晴",
        "sunshineDuration": 38690
    },
    {
        "datetime": 1735790704,
        "temp": 23.0,
        "weatherPic": "sunny",
        "sunrise": 1735773776,
        "sunset": 1735812466,
        "weatherPicName": "晴",
        "sunshineDuration": 38690
    },
    {
        "datetime": 1735801433,
        "temp": 25.0,
        "weatherPic": "sunny",
        "sunrise": 1735773776,
        "sunset": 1735812466,
        "weatherPicName": "晴",
        "sunshineDuration": 38690
    },
    {
        "datetime": 1735812275,
        "temp": 23.0,
        "weatherPic": "sunny",
        "sunrise": 1735773776,
        "sunset": 1735812466,
        "weatherPicName": "晴",
        "sunshineDuration": 38690
    },
    {
        "datetime": 1735823083,
        "temp": 20.0,
        "weatherPic": "sunny",
        "sunrise": 1735773776,
        "sunset": 1735812466,
        "weatherPicName": "晴",
        "sunshineDuration": 38690
    }
]