[
    {
        "datetime": 1742313904,
        "temp": 17.0,
        "weatherPic": "cloudy",
        "sunrise": 1742338011,
        "sunset": 1742381521,
        "weatherPicName": "多云",
        "sunshineDuration": 43510
    },
    {
        "datetime": 1742324656,
        "temp": 16.0,
        "weatherPic": "cloudy",
        "sunrise": 1742338011,
        "sunset": 1742381521,
        "weatherPicName": "多云",
        "sunshineDuration": 43510
    },
    {
        "datetime": 1742335424,
        "temp": 16.0,
        "weatherPic": "cloudy",
        "sunrise": 1742338011,
        "sunset": 1742381521,
        "weatherPicName": "多云",
        "sunshineDuration": 43510
    },
    {
        "datetime": 1742346248,
        "temp": 16.0,
        "weatherPic": "cloudy",
        "sunrise": 1742338011,
        "sunset": 1742381521,
        "weatherPicName": "多云",
        "sunshineDuration": 43510
    },
    {
        "datetime": 1742357123,
        "temp": 21.0,
        "weatherPic": "cloudy",
        "sunrise": 1742338011,
        "sunset": 1742381521,
        "weatherPicName": "多云",
        "sunshineDuration": 43510
    },
    {
        "datetime": 1742367838,
        "temp": 23.0,
        "weatherPic": "cloudy",
        "sunrise": 1742338011,
        "sunset": 1742381521,
        "weatherPicName": "多云",
        "sunshineDuration": 43510
    },
    {
        "datetime": 1742378664,
        "temp": 23.0,
        "weatherPic": "cloudy",
        "sunrise": 1742338011,
        "sunset": 1742381521,
        "weatherPicName": "多云",
        "sunshineDuration": 43510
    },
    {
        "datetime": 1742389444,
        "temp": 21.0,
        "weatherPic": "cloudy",
        "sunrise": 1742338011,
        "sunset": 1742381521,
        "weatherPicName": "多云",
        "sunshineDuration": 43510
    }
]