[
    {
        "datetime": 1741017779,
        "temp": 25.0,
        "weatherPic": "sunny",
        "sunrise": 1741042860,
        "sunset": 1741085163,
        "weatherPicName": "晴",
        "sunshineDuration": 42303
    },
    {
        "datetime": 1741028528,
        "temp": 24.0,
        "weatherPic": "sunny",
        "sunrise": 1741042860,
        "sunset": 1741085163,
        "weatherPicName": "晴",
        "sunshineDuration": 42303
    },
    {
        "datetime": 1741039343,
        "temp": 22.0,
        "weatherPic": "cloudy",
        "sunrise": 1741042860,
        "sunset": 1741085163,
        "weatherPicName": "多云",
        "sunshineDuration": 42303
    },
    {
        "datetime": 1741050253,
        "temp": 21.0,
        "weatherPic": "cloudy",
        "sunrise": 1741042860,
        "sunset": 1741085163,
        "weatherPicName": "多云",
        "sunshineDuration": 42303
    },
    {
        "datetime": 1741061109,
        "temp": 22.0,
        "weatherPic": "cloudy",
        "sunrise": 1741042860,
        "sunset": 1741085163,
        "weatherPicName": "多云",
        "sunshineDuration": 42303
    },
    {
        "datetime": 1741082700,
        "temp": 17.0,
        "weatherPic": "cloudy",
        "sunrise": 1741042860,
        "sunset": 1741085163,
        "weatherPicName": "多云",
        "sunshineDuration": 42303
    },
    {
        "datetime": 1741093360,
        "temp": 17.0,
        "weatherPic": "cloudy",
        "sunrise": 1741042860,
        "sunset": 1741085163,
        "weatherPicName": "多云",
        "sunshineDuration": 42303
    }
]