[
    {
        "datetime": 1742054730,
        "temp": 14.0,
        "weatherPic": "cloudy",
        "sunrise": 1742078987,
        "sunset": 1742122254,
        "weatherPicName": "多云",
        "sunshineDuration": 43267
    },
    {
        "datetime": 1742065478,
        "temp": 13.0,
        "weatherPic": "cloudy",
        "sunrise": 1742078987,
        "sunset": 1742122254,
        "weatherPicName": "多云",
        "sunshineDuration": 43267
    },
    {
        "datetime": 1742076288,
        "temp": 12.0,
        "weatherPic": "cloudy",
        "sunrise": 1742078987,
        "sunset": 1742122254,
        "weatherPicName": "多云",
        "sunshineDuration": 43267
    },
    {
        "datetime": 1742087067,
        "temp": 13.0,
        "weatherPic": "cloudy",
        "sunrise": 1742078987,
        "sunset": 1742122254,
        "weatherPicName": "多云",
        "sunshineDuration": 43267
    },
    {
        "datetime": 1742097881,
        "temp": 15.0,
        "weatherPic": "cloudy",
        "sunrise": 1742078987,
        "sunset": 1742122254,
        "weatherPicName": "多云",
        "sunshineDuration": 43267
    },
    {
        "datetime": 1742108688,
        "temp": 18.0,
        "weatherPic": "cloudy",
        "sunrise": 1742078987,
        "sunset": 1742122254,
        "weatherPicName": "多云",
        "sunshineDuration": 43267
    },
    {
        "datetime": 1742119461,
        "temp": 19.0,
        "weatherPic": "cloudy",
        "sunrise": 1742078987,
        "sunset": 1742122254,
        "weatherPicName": "多云",
        "sunshineDuration": 43267
    },
    {
        "datetime": 1742130261,
        "temp": 17.0,
        "weatherPic": "cloudy",
        "sunrise": 1742078987,
        "sunset": 1742122254,
        "weatherPicName": "多云",
        "sunshineDuration": 43267
    }
]