[
    {
        "datetime": 1745078595,
        "temp": 27.0,
        "weatherPic": "cloudy",
        "sunrise": 1745101007,
        "sunset": 1745147034,
        "weatherPicName": "多云",
        "sunshineDuration": 46027
    },
    {
        "datetime": 1745089442,
        "temp": 25.0,
        "weatherPic": "cloudy",
        "sunrise": 1745101007,
        "sunset": 1745147034,
        "weatherPicName": "多云",
        "sunshineDuration": 46027
    },
    {
        "datetime": 1745100224,
        "temp": 25.0,
        "weatherPic": "cloudy",
        "sunrise": 1745101007,
        "sunset": 1745147034,
        "weatherPicName": "多云",
        "sunshineDuration": 46027
    },
    {
        "datetime": 1745111004,
        "temp": 26.0,
        "weatherPic": "rainy-s",
        "sunrise": 1745101007,
        "sunset": 1745147034,
        "weatherPicName": "大雨",
        "sunshineDuration": 46027
    },
    {
        "datetime": 1745121861,
        "temp": 33.0,
        "weatherPic": "cloudy",
        "sunrise": 1745101007,
        "sunset": 1745147034,
        "weatherPicName": "多云",
        "sunshineDuration": 46027
    },
    {
        "datetime": 1745132735,
        "temp": 34.0,
        "weatherPic": "cloudy",
        "sunrise": 1745101007,
        "sunset": 1745147034,
        "weatherPicName": "多云",
        "sunshineDuration": 46027
    },
    {
        "datetime": 1745143413,
        "temp": 34.0,
        "weatherPic": "cloudy",
        "sunrise": 1745101007,
        "sunset": 1745147034,
        "weatherPicName": "多云",
        "sunshineDuration": 46027
    },
    {
        "datetime": 1745154227,
        "temp": 29.0,
        "weatherPic": "sunny",
        "sunrise": 1745101007,
        "sunset": 1745147034,
        "weatherPicName": "晴",
        "sunshineDuration": 46027
    }
]