[
    {
        "datetime": 1748275355,
        "temp": 20.0,
        "weatherPic": "cloudy",
        "sunrise": 1748296604,
        "sunset": 1748344863,
        "weatherPicName": "多云",
        "sunshineDuration": 48259
    },
    {
        "datetime": 1748286252,
        "temp": 20.0,
        "weatherPic": "cloudy",
        "sunrise": 1748296604,
        "sunset": 1748344863,
        "weatherPicName": "多云",
        "sunshineDuration": 48259
    },
    {
        "datetime": 1748296908,
        "temp": 21.0,
        "weatherPic": "cloudy",
        "sunrise": 1748296604,
        "sunset": 1748344863,
        "weatherPicName": "多云",
        "sunshineDuration": 48259
    },
    {
        "datetime": 1748307858,
        "temp": 22.0,
        "weatherPic": "cloudy",
        "sunrise": 1748296604,
        "sunset": 1748344863,
        "weatherPicName": "多云",
        "sunshineDuration": 48259
    },
    {
        "datetime": 1748318570,
        "temp": 26.0,
        "weatherPic": "cloudy",
        "sunrise": 1748296604,
        "sunset": 1748344863,
        "weatherPicName": "多云",
        "sunshineDuration": 48259
    },
    {
        "datetime": 1748329400,
        "temp": 28.0,
        "weatherPic": "rainy-s",
        "sunrise": 1748296604,
        "sunset": 1748344863,
        "weatherPicName": "大雨",
        "sunshineDuration": 48259
    },
    {
        "datetime": 1748340333,
        "temp": 26.0,
        "weatherPic": "cloudy",
        "sunrise": 1748296604,
        "sunset": 1748344863,
        "weatherPicName": "多云",
        "sunshineDuration": 48259
    },
    {
        "datetime": 1748350969,
        "temp": 24.0,
        "weatherPic": "cloudy",
        "sunrise": 1748296604,
        "sunset": 1748344863,
        "weatherPicName": "多云",
        "sunshineDuration": 48259
    }
]