[
    {
        "datetime": 1741536250,
        "temp": 16.0,
        "weatherPic": "cloudy",
        "sunrise": 1741560931,
        "sunset": 1741603714,
        "weatherPicName": "多云",
        "sunshineDuration": 42783
    },
    {
        "datetime": 1741547084,
        "temp": 16.0,
        "weatherPic": "cloudy",
        "sunrise": 1741560931,
        "sunset": 1741603714,
        "weatherPicName": "多云",
        "sunshineDuration": 42783
    },
    {
        "datetime": 1741557738,
        "temp": 15.0,
        "weatherPic": "cloudy",
        "sunrise": 1741560931,
        "sunset": 1741603714,
        "weatherPicName": "多云",
        "sunshineDuration": 42783
    },
    {
        "datetime": 1741568577,
        "temp": 16.0,
        "weatherPic": "cloudy",
        "sunrise": 1741560931,
        "sunset": 1741603714,
        "weatherPicName": "多云",
        "sunshineDuration": 42783
    },
    {
        "datetime": 1741579438,
        "temp": 19.0,
        "weatherPic": "cloudy",
        "sunrise": 1741560931,
        "sunset": 1741603714,
        "weatherPicName": "多云",
        "sunshineDuration": 42783
    },
    {
        "datetime": 1741590293,
        "temp": 23.0,
        "weatherPic": "cloudy",
        "sunrise": 1741560931,
        "sunset": 1741603714,
        "weatherPicName": "多云",
        "sunshineDuration": 42783
    },
    {
        "datetime": 1741601106,
        "temp": 25.0,
        "weatherPic": "cloudy",
        "sunrise": 1741560931,
        "sunset": 1741603714,
        "weatherPicName": "多云",
        "sunshineDuration": 42783
    },
    {
        "datetime": 1741611780,
        "temp": 24.0,
        "weatherPic": "cloudy",
        "sunrise": 1741560931,
        "sunset": 1741603714,
        "weatherPicName": "多云",
        "sunshineDuration": 42783
    }
]