[
    {
        "datetime": 1751126538,
        "temp": 26.0,
        "weatherPic": "cloudy",
        "sunrise": 1751147921,
        "sunset": 1751196665,
        "weatherPicName": "多云",
        "sunshineDuration": 48744
    },
    {
        "datetime": 1751137258,
        "temp": 25.0,
        "weatherPic": "cloudy",
        "sunrise": 1751147921,
        "sunset": 1751196665,
        "weatherPicName": "多云",
        "sunshineDuration": 48744
    },
    {
        "datetime": 1751148045,
        "temp": 25.0,
        "weatherPic": "cloudy",
        "sunrise": 1751147921,
        "sunset": 1751196665,
        "weatherPicName": "多云",
        "sunshineDuration": 48744
    },
    {
        "datetime": 1751158849,
        "temp": 27.0,
        "weatherPic": "cloudy",
        "sunrise": 1751147921,
        "sunset": 1751196665,
        "weatherPicName": "多云",
        "sunshineDuration": 48744
    },
    {
        "datetime": 1751169745,
        "temp": 29.0,
        "weatherPic": "rainy-s",
        "sunrise": 1751147921,
        "sunset": 1751196665,
        "weatherPicName": "大雨",
        "sunshineDuration": 48744
    },
    {
        "datetime": 1751180526,
        "temp": 30.0,
        "weatherPic": "rainy-s",
        "sunrise": 1751147921,
        "sunset": 1751196665,
        "weatherPicName": "大雨",
        "sunshineDuration": 48744
    },
    {
        "datetime": 1751202159,
        "temp": 26.0,
        "weatherPic": "cloudy",
        "sunrise": 1751147921,
        "sunset": 1751196665,
        "weatherPicName": "多云",
        "sunshineDuration": 48744
    }
]