[
    {
        "datetime": 1744387552,
        "temp": 26.0,
        "weatherPic": "cloudy",
        "sunrise": 1744410221,
        "sunset": 1744455643,
        "weatherPicName": "多云",
        "sunshineDuration": 45422
    },
    {
        "datetime": 1744398259,
        "temp": 24.0,
        "weatherPic": "cloudy",
        "sunrise": 1744410221,
        "sunset": 1744455643,
        "weatherPicName": "多云",
        "sunshineDuration": 45422
    },
    {
        "datetime": 1744408987,
        "temp": 24.0,
        "weatherPic": "cloudy",
        "sunrise": 1744410221,
        "sunset": 1744455643,
        "weatherPicName": "多云",
        "sunshineDuration": 45422
    },
    {
        "datetime": 1744419873,
        "temp": 27.0,
        "weatherPic": "cloudy",
        "sunrise": 1744410221,
        "sunset": 1744455643,
        "weatherPicName": "多云",
        "sunshineDuration": 45422
    },
    {
        "datetime": 1744430717,
        "temp": 29.0,
        "weatherPic": "cloudy",
        "sunrise": 1744410221,
        "sunset": 1744455643,
        "weatherPicName": "多云",
        "sunshineDuration": 45422
    },
    {
        "datetime": 1744441605,
        "temp": 20.0,
        "weatherPic": "cloudy",
        "sunrise": 1744410221,
        "sunset": 1744455643,
        "weatherPicName": "多云",
        "sunshineDuration": 45422
    },
    {
        "datetime": 1744452307,
        "temp": 19.0,
        "weatherPic": "cloudy",
        "sunrise": 1744410221,
        "sunset": 1744455643,
        "weatherPicName": "多云",
        "sunshineDuration": 45422
    },
    {
        "datetime": 1744463145,
        "temp": 19.0,
        "weatherPic": "cloudy",
        "sunrise": 1744410221,
        "sunset": 1744455643,
        "weatherPicName": "多云",
        "sunshineDuration": 45422
    }
]