[
    {
        "datetime": 1745769841,
        "temp": 25.0,
        "weatherPic": "cloudy",
        "sunrise": 1745791837,
        "sunset": 1745838441,
        "weatherPicName": "多云",
        "sunshineDuration": 46604
    },
    {
        "datetime": 1745780548,
        "temp": 24.0,
        "weatherPic": "cloudy",
        "sunrise": 1745791837,
        "sunset": 1745838441,
        "weatherPicName": "多云",
        "sunshineDuration": 46604
    },
    {
        "datetime": 1745791386,
        "temp": 23.0,
        "weatherPic": "cloudy",
        "sunrise": 1745791837,
        "sunset": 1745838441,
        "weatherPicName": "多云",
        "sunshineDuration": 46604
    },
    {
        "datetime": 1745802176,
        "temp": 24.0,
        "weatherPic": "rainy-s",
        "sunrise": 1745791837,
        "sunset": 1745838441,
        "weatherPicName": "大雨",
        "sunshineDuration": 46604
    },
    {
        "datetime": 1745813154,
        "temp": 27.0,
        "weatherPic": "rainy-s",
        "sunrise": 1745791837,
        "sunset": 1745838441,
        "weatherPicName": "大雨",
        "sunshineDuration": 46604
    },
    {
        "datetime": 1745823817,
        "temp": 29.0,
        "weatherPic": "rainy-s",
        "sunrise": 1745791837,
        "sunset": 1745838441,
        "weatherPicName": "大雨",
        "sunshineDuration": 46604
    },
    {
        "datetime": 1745834711,
        "temp": 29.0,
        "weatherPic": "cloudy",
        "sunrise": 1745791837,
        "sunset": 1745838441,
        "weatherPicName": "多云",
        "sunshineDuration": 46604
    },
    {
        "datetime": 1745845573,
        "temp": 25.0,
        "weatherPic": "cloudy",
        "sunrise": 1745791837,
        "sunset": 1745838441,
        "weatherPicName": "多云",
        "sunshineDuration": 46604
    }
]