[
    {
        "datetime": 1744214646,
        "temp": 24.0,
        "weatherPic": "cloudy",
        "sunrise": 1744237531,
        "sunset": 1744282798,
        "weatherPicName": "多云",
        "sunshineDuration": 45267
    },
    {
        "datetime": 1744225469,
        "temp": 23.0,
        "weatherPic": "cloudy",
        "sunrise": 1744237531,
        "sunset": 1744282798,
        "weatherPicName": "多云",
        "sunshineDuration": 45267
    },
    {
        "datetime": 1744236214,
        "temp": 23.0,
        "weatherPic": "cloudy",
        "sunrise": 1744237531,
        "sunset": 1744282798,
        "weatherPicName": "多云",
        "sunshineDuration": 45267
    },
    {
        "datetime": 1744247052,
        "temp": 25.0,
        "weatherPic": "cloudy",
        "sunrise": 1744237531,
        "sunset": 1744282798,
        "weatherPicName": "多云",
        "sunshineDuration": 45267
    },
    {
        "datetime": 1744257888,
        "temp": 30.0,
        "weatherPic": "cloudy",
        "sunrise": 1744237531,
        "sunset": 1744282798,
        "weatherPicName": "多云",
        "sunshineDuration": 45267
    },
    {
        "datetime": 1744268722,
        "temp": 33.0,
        "weatherPic": "cloudy",
        "sunrise": 1744237531,
        "sunset": 1744282798,
        "weatherPicName": "多云",
        "sunshineDuration": 45267
    },
    {
        "datetime": 1744290406,
        "temp": 27.0,
        "weatherPic": "cloudy",
        "sunrise": 1744237531,
        "sunset": 1744282798,
        "weatherPicName": "多云",
        "sunshineDuration": 45267
    }
]