[
    {
        "datetime": 1738166690,
        "temp": 16.0,
        "weatherPic": "sunny",
        "sunrise": 1738192933,
        "sunset": 1738232839,
        "weatherPicName": "晴",
        "sunshineDuration": 39906
    },
    {
        "datetime": 1738177400,
        "temp": 16.0,
        "weatherPic": "cloudy",
        "sunrise": 1738192933,
        "sunset": 1738232839,
        "weatherPicName": "多云",
        "sunshineDuration": 39906
    },
    {
        "datetime": 1738188174,
        "temp": 16.0,
        "weatherPic": "cloudy",
        "sunrise": 1738192933,
        "sunset": 1738232839,
        "weatherPicName": "多云",
        "sunshineDuration": 39906
    },
    {
        "datetime": 1738199007,
        "temp": 16.0,
        "weatherPic": "cloudy",
        "sunrise": 1738192933,
        "sunset": 1738232839,
        "weatherPicName": "多云",
        "sunshineDuration": 39906
    },
    {
        "datetime": 1738209847,
        "temp": 19.0,
        "weatherPic": "cloudy",
        "sunrise": 1738192933,
        "sunset": 1738232839,
        "weatherPicName": "多云",
        "sunshineDuration": 39906
    },
    {
        "datetime": 1738220700,
        "temp": 22.0,
        "weatherPic": "cloudy",
        "sunrise": 1738192933,
        "sunset": 1738232839,
        "weatherPicName": "多云",
        "sunshineDuration": 39906
    },
    {
        "datetime": 1738231458,
        "temp": 21.0,
        "weatherPic": "cloudy",
        "sunrise": 1738192933,
        "sunset": 1738232839,
        "weatherPicName": "多云",
        "sunshineDuration": 39906
    },
    {
        "datetime": 1738242304,
        "temp": 19.0,
        "weatherPic": "cloudy",
        "sunrise": 1738192933,
        "sunset": 1738232839,
        "weatherPicName": "多云",
        "sunshineDuration": 39906
    }
]