[
    {
        "datetime": 1735920179,
        "temp": 16.0,
        "weatherPic": "sunny",
        "sunrise": 1735946607,
        "sunset": 1735985344,
        "weatherPicName": "晴",
        "sunshineDuration": 38737
    },
    {
        "datetime": 1735930975,
        "temp": 13.0,
        "weatherPic": "sunny",
        "sunrise": 1735946607,
        "sunset": 1735985344,
        "weatherPicName": "晴",
        "sunshineDuration": 38737
    },
    {
        "datetime": 1735941826,
        "temp": 12.0,
        "weatherPic": "sunny",
        "sunrise": 1735946607,
        "sunset": 1735985344,
        "weatherPicName": "晴",
        "sunshineDuration": 38737
    },
    {
        "datetime": 1735952603,
        "temp": 14.0,
        "weatherPic": "sunny",
        "sunrise": 1735946607,
        "sunset": 1735985344,
        "weatherPicName": "晴",
        "sunshineDuration": 38737
    },
    {
        "datetime": 1735963509,
        "temp": 21.0,
        "weatherPic": "sunny",
        "sunrise": 1735946607,
        "sunset": 1735985344,
        "weatherPicName": "晴",
        "sunshineDuration": 38737
    },
    {
        "datetime": 1735974175,
        "temp": 23.0,
        "weatherPic": "sunny",
        "sunrise": 1735946607,
        "sunset": 1735985344,
        "weatherPicName": "晴",
        "sunshineDuration": 38737
    },
    {
        "datetime": 1735984981,
        "temp": 21.0,
        "weatherPic": "sunny",
        "sunrise": 1735946607,
        "sunset": 1735985344,
        "weatherPicName": "晴",
        "sunshineDuration": 38737
    },
    {
        "datetime": 1735995884,
        "temp": 18.0,
        "weatherPic": "sunny",
        "sunrise": 1735946607,
        "sunset": 1735985344,
        "weatherPicName": "晴",
        "sunshineDuration": 38737
    }
]