[
    {
        "datetime": 1743437072,
        "temp": 13.0,
        "weatherPic": "cloudy",
        "sunrise": 1743460443,
        "sunset": 1743505000,
        "weatherPicName": "多云",
        "sunshineDuration": 44557
    },
    {
        "datetime": 1743447796,
        "temp": 13.0,
        "weatherPic": "cloudy",
        "sunrise": 1743460443,
        "sunset": 1743505000,
        "weatherPicName": "多云",
        "sunshineDuration": 44557
    },
    {
        "datetime": 1743458629,
        "temp": 12.0,
        "weatherPic": "cloudy",
        "sunrise": 1743460443,
        "sunset": 1743505000,
        "weatherPicName": "多云",
        "sunshineDuration": 44557
    },
    {
        "datetime": 1743469530,
        "temp": 13.0,
        "weatherPic": "cloudy",
        "sunrise": 1743460443,
        "sunset": 1743505000,
        "weatherPicName": "多云",
        "sunshineDuration": 44557
    },
    {
        "datetime": 1743480288,
        "temp": 16.0,
        "weatherPic": "cloudy",
        "sunrise": 1743460443,
        "sunset": 1743505000,
        "weatherPicName": "多云",
        "sunshineDuration": 44557
    },
    {
        "datetime": 1743491087,
        "temp": 22.0,
        "weatherPic": "sunny",
        "sunrise": 1743460443,
        "sunset": 1743505000,
        "weatherPicName": "晴",
        "sunshineDuration": 44557
    },
    {
        "datetime": 1743501859,
        "temp": 22.0,
        "weatherPic": "sunny",
        "sunrise": 1743460443,
        "sunset": 1743505000,
        "weatherPicName": "晴",
        "sunshineDuration": 44557
    },
    {
        "datetime": 1743512640,
        "temp": 19.0,
        "weatherPic": "cloudy",
        "sunrise": 1743460443,
        "sunset": 1743505000,
        "weatherPicName": "多云",
        "sunshineDuration": 44557
    }
]