[
    {
        "datetime": 1748793772,
        "temp": 26.0,
        "weatherPic": "cloudy",
        "sunrise": 1748814944,
        "sunset": 1748863422,
        "weatherPicName": "多云",
        "sunshineDuration": 48478
    },
    {
        "datetime": 1748804653,
        "temp": 26.0,
        "weatherPic": "cloudy",
        "sunrise": 1748814944,
        "sunset": 1748863422,
        "weatherPicName": "多云",
        "sunshineDuration": 48478
    },
    {
        "datetime": 1748815269,
        "temp": 26.0,
        "weatherPic": "cloudy",
        "sunrise": 1748814944,
        "sunset": 1748863422,
        "weatherPicName": "多云",
        "sunshineDuration": 48478
    },
    {
        "datetime": 1748826244,
        "temp": 28.0,
        "weatherPic": "cloudy",
        "sunrise": 1748814944,
        "sunset": 1748863422,
        "weatherPicName": "多云",
        "sunshineDuration": 48478
    },
    {
        "datetime": 1748836935,
        "temp": 31.0,
        "weatherPic": "cloudy",
        "sunrise": 1748814944,
        "sunset": 1748863422,
        "weatherPicName": "多云",
        "sunshineDuration": 48478
    },
    {
        "datetime": 1748847936,
        "temp": 31.0,
        "weatherPic": "cloudy",
        "sunrise": 1748814944,
        "sunset": 1748863422,
        "weatherPicName": "多云",
        "sunshineDuration": 48478
    },
    {
        "datetime": 1748858701,
        "temp": 27.0,
        "weatherPic": "cloudy",
        "sunrise": 1748814944,
        "sunset": 1748863422,
        "weatherPicName": "多云",
        "sunshineDuration": 48478
    },
    {
        "datetime": 1748869431,
        "temp": 24.0,
        "weatherPic": "cloudy",
        "sunrise": 1748814944,
        "sunset": 1748863422,
        "weatherPicName": "多云",
        "sunshineDuration": 48478
    }
]