[
    {
        "datetime": 1743177924,
        "temp": 17.0,
        "weatherPic": "cloudy",
        "sunrise": 1743201420,
        "sunset": 1743245736,
        "weatherPicName": "多云",
        "sunshineDuration": 44316
    },
    {
        "datetime": 1743188668,
        "temp": 14.0,
        "weatherPic": "cloudy",
        "sunrise": 1743201420,
        "sunset": 1743245736,
        "weatherPicName": "多云",
        "sunshineDuration": 44316
    },
    {
        "datetime": 1743199397,
        "temp": 12.0,
        "weatherPic": "rainy-s",
        "sunrise": 1743201420,
        "sunset": 1743245736,
        "weatherPicName": "大雨",
        "sunshineDuration": 44316
    },
    {
        "datetime": 1743210240,
        "temp": 11.0,
        "weatherPic": "cloudy",
        "sunrise": 1743201420,
        "sunset": 1743245736,
        "weatherPicName": "多云",
        "sunshineDuration": 44316
    },
    {
        "datetime": 1743221063,
        "temp": 10.0,
        "weatherPic": "cloudy",
        "sunrise": 1743201420,
        "sunset": 1743245736,
        "weatherPicName": "多云",
        "sunshineDuration": 44316
    },
    {
        "datetime": 1743231894,
        "temp": 10.0,
        "weatherPic": "cloudy",
        "sunrise": 1743201420,
        "sunset": 1743245736,
        "weatherPicName": "多云",
        "sunshineDuration": 44316
    },
    {
        "datetime": 1743242635,
        "temp": 10.0,
        "weatherPic": "cloudy",
        "sunrise": 1743201420,
        "sunset": 1743245736,
        "weatherPicName": "多云",
        "sunshineDuration": 44316
    },
    {
        "datetime": 1743253446,
        "temp": 10.0,
        "weatherPic": "cloudy",
        "sunrise": 1743201420,
        "sunset": 1743245736,
        "weatherPicName": "多云",
        "sunshineDuration": 44316
    }
]