[
    {
        "datetime": 1741363409,
        "temp": 14.0,
        "weatherPic": "cloudy",
        "sunrise": 1741388243,
        "sunset": 1741430865,
        "weatherPicName": "多云",
        "sunshineDuration": 42622
    },
    {
        "datetime": 1741374178,
        "temp": 13.0,
        "weatherPic": "cloudy",
        "sunrise": 1741388243,
        "sunset": 1741430865,
        "weatherPicName": "多云",
        "sunshineDuration": 42622
    },
    {
        "datetime": 1741385043,
        "temp": 13.0,
        "weatherPic": "cloudy",
        "sunrise": 1741388243,
        "sunset": 1741430865,
        "weatherPicName": "多云",
        "sunshineDuration": 42622
    },
    {
        "datetime": 1741395820,
        "temp": 12.0,
        "weatherPic": "cloudy",
        "sunrise": 1741388243,
        "sunset": 1741430865,
        "weatherPicName": "多云",
        "sunshineDuration": 42622
    },
    {
        "datetime": 1741406670,
        "temp": 13.0,
        "weatherPic": "cloudy",
        "sunrise": 1741388243,
        "sunset": 1741430865,
        "weatherPicName": "多云",
        "sunshineDuration": 42622
    },
    {
        "datetime": 1741417373,
        "temp": 14.0,
        "weatherPic": "cloudy",
        "sunrise": 1741388243,
        "sunset": 1741430865,
        "weatherPicName": "多云",
        "sunshineDuration": 42622
    },
    {
        "datetime": 1741428295,
        "temp": 14.0,
        "weatherPic": "cloudy",
        "sunrise": 1741388243,
        "sunset": 1741430865,
        "weatherPicName": "多云",
        "sunshineDuration": 42622
    },
    {
        "datetime": 1741439058,
        "temp": 14.0,
        "weatherPic": "cloudy",
        "sunrise": 1741388243,
        "sunset": 1741430865,
        "weatherPicName": "多云",
        "sunshineDuration": 42622
    }
]