[
    {
        "datetime": 1737821062,
        "temp": 13.0,
        "weatherPic": "cloudy",
        "sunrise": 1737847403,
        "sunset": 1737887071,
        "weatherPicName": "多云",
        "sunshineDuration": 39668
    },
    {
        "datetime": 1737831793,
        "temp": 13.0,
        "weatherPic": "cloudy",
        "sunrise": 1737847403,
        "sunset": 1737887071,
        "weatherPicName": "多云",
        "sunshineDuration": 39668
    },
    {
        "datetime": 1737842616,
        "temp": 12.0,
        "weatherPic": "cloudy",
        "sunrise": 1737847403,
        "sunset": 1737887071,
        "weatherPicName": "多云",
        "sunshineDuration": 39668
    },
    {
        "datetime": 1737853497,
        "temp": 11.0,
        "weatherPic": "cloudy",
        "sunrise": 1737847403,
        "sunset": 1737887071,
        "weatherPicName": "多云",
        "sunshineDuration": 39668
    },
    {
        "datetime": 1737864240,
        "temp": 10.0,
        "weatherPic": "cloudy",
        "sunrise": 1737847403,
        "sunset": 1737887071,
        "weatherPicName": "多云",
        "sunshineDuration": 39668
    },
    {
        "datetime": 1737875023,
        "temp": 11.0,
        "weatherPic": "cloudy",
        "sunrise": 1737847403,
        "sunset": 1737887071,
        "weatherPicName": "多云",
        "sunshineDuration": 39668
    },
    {
        "datetime": 1737885879,
        "temp": 12.0,
        "weatherPic": "cloudy",
        "sunrise": 1737847403,
        "sunset": 1737887071,
        "weatherPicName": "多云",
        "sunshineDuration": 39668
    },
    {
        "datetime": 1737896674,
        "temp": 11.0,
        "weatherPic": "cloudy",
        "sunrise": 1737847403,
        "sunset": 1737887071,
        "weatherPicName": "多云",
        "sunshineDuration": 39668
    }
]