[
    {
        "datetime": 1736870650,
        "temp": 15.0,
        "weatherPic": "cloudy",
        "sunrise": 1736897085,
        "sunset": 1736936199,
        "weatherPicName": "多云",
        "sunshineDuration": 39114
    },
    {
        "datetime": 1736881454,
        "temp": 16.0,
        "weatherPic": "cloudy",
        "sunrise": 1736897085,
        "sunset": 1736936199,
        "weatherPicName": "多云",
        "sunshineDuration": 39114
    },
    {
        "datetime": 1736892242,
        "temp": 16.0,
        "weatherPic": "cloudy",
        "sunrise": 1736897085,
        "sunset": 1736936199,
        "weatherPicName": "多云",
        "sunshineDuration": 39114
    },
    {
        "datetime": 1736903093,
        "temp": 15.0,
        "weatherPic": "cloudy",
        "sunrise": 1736897085,
        "sunset": 1736936199,
        "weatherPicName": "多云",
        "sunshineDuration": 39114
    },
    {
        "datetime": 1736913902,
        "temp": 18.0,
        "weatherPic": "cloudy",
        "sunrise": 1736897085,
        "sunset": 1736936199,
        "weatherPicName": "多云",
        "sunshineDuration": 39114
    },
    {
        "datetime": 1736924640,
        "temp": 21.0,
        "weatherPic": "cloudy",
        "sunrise": 1736897085,
        "sunset": 1736936199,
        "weatherPicName": "多云",
        "sunshineDuration": 39114
    },
    {
        "datetime": 1736935485,
        "temp": 19.0,
        "weatherPic": "cloudy",
        "sunrise": 1736897085,
        "sunset": 1736936199,
        "weatherPicName": "多云",
        "sunshineDuration": 39114
    },
    {
        "datetime": 1736946260,
        "temp": 16.0,
        "weatherPic": "sunny",
        "sunrise": 1736897085,
        "sunset": 1736936199,
        "weatherPicName": "晴",
        "sunshineDuration": 39114
    }
]