[
    {
        "datetime": 1740845022,
        "temp": 22.0,
        "weatherPic": "sunny",
        "sunrise": 1740870165,
        "sunset": 1740912309,
        "weatherPicName": "晴",
        "sunshineDuration": 42144
    },
    {
        "datetime": 1740855838,
        "temp": 22.0,
        "weatherPic": "cloudy",
        "sunrise": 1740870165,
        "sunset": 1740912309,
        "weatherPicName": "多云",
        "sunshineDuration": 42144
    },
    {
        "datetime": 1740866537,
        "temp": 21.0,
        "weatherPic": "cloudy",
        "sunrise": 1740870165,
        "sunset": 1740912309,
        "weatherPicName": "多云",
        "sunshineDuration": 42144
    },
    {
        "datetime": 1740888284,
        "temp": 29.0,
        "weatherPic": "cloudy",
        "sunrise": 1740870165,
        "sunset": 1740912309,
        "weatherPicName": "多云",
        "sunshineDuration": 42144
    },
    {
        "datetime": 1740898983,
        "temp": 33.0,
        "weatherPic": "sunny",
        "sunrise": 1740870165,
        "sunset": 1740912309,
        "weatherPicName": "晴",
        "sunshineDuration": 42144
    },
    {
        "datetime": 1740909787,
        "temp": 30.0,
        "weatherPic": "sunny",
        "sunrise": 1740870165,
        "sunset": 1740912309,
        "weatherPicName": "晴",
        "sunshineDuration": 42144
    },
    {
        "datetime": 1740920709,
        "temp": 26.0,
        "weatherPic": "sunny",
        "sunrise": 1740870165,
        "sunset": 1740912309,
        "weatherPicName": "晴",
        "sunshineDuration": 42144
    }
]