[
    {
        "datetime": 1742400278,
        "temp": 19.0,
        "weatherPic": "cloudy",
        "sunrise": 1742424352,
        "sunset": 1742467943,
        "weatherPicName": "多云",
        "sunshineDuration": 43591
    },
    {
        "datetime": 1742411018,
        "temp": 19.0,
        "weatherPic": "cloudy",
        "sunrise": 1742424352,
        "sunset": 1742467943,
        "weatherPicName": "多云",
        "sunshineDuration": 43591
    },
    {
        "datetime": 1742421878,
        "temp": 18.0,
        "weatherPic": "cloudy",
        "sunrise": 1742424352,
        "sunset": 1742467943,
        "weatherPicName": "多云",
        "sunshineDuration": 43591
    },
    {
        "datetime": 1742432686,
        "temp": 21.0,
        "weatherPic": "cloudy",
        "sunrise": 1742424352,
        "sunset": 1742467943,
        "weatherPicName": "多云",
        "sunshineDuration": 43591
    },
    {
        "datetime": 1742443451,
        "temp": 24.0,
        "weatherPic": "cloudy",
        "sunrise": 1742424352,
        "sunset": 1742467943,
        "weatherPicName": "多云",
        "sunshineDuration": 43591
    },
    {
        "datetime": 1742454237,
        "temp": 26.0,
        "weatherPic": "sunny",
        "sunrise": 1742424352,
        "sunset": 1742467943,
        "weatherPicName": "晴",
        "sunshineDuration": 43591
    },
    {
        "datetime": 1742465086,
        "temp": 25.0,
        "weatherPic": "sunny",
        "sunrise": 1742424352,
        "sunset": 1742467943,
        "weatherPicName": "晴",
        "sunshineDuration": 43591
    },
    {
        "datetime": 1742475867,
        "temp": 22.0,
        "weatherPic": "sunny",
        "sunrise": 1742424352,
        "sunset": 1742467943,
        "weatherPicName": "晴",
        "sunshineDuration": 43591
    }
]