[
    {
        "datetime": 1746460906,
        "temp": 28.0,
        "weatherPic": "rainy-s",
        "sunrise": 1746482722,
        "sunset": 1746529861,
        "weatherPicName": "大雨",
        "sunshineDuration": 47139
    },
    {
        "datetime": 1746471701,
        "temp": 27.0,
        "weatherPic": "rainy-s",
        "sunrise": 1746482722,
        "sunset": 1746529861,
        "weatherPicName": "大雨",
        "sunshineDuration": 47139
    },
    {
        "datetime": 1746482736,
        "temp": 26.0,
        "weatherPic": "cloudy",
        "sunrise": 1746482722,
        "sunset": 1746529861,
        "weatherPicName": "多云",
        "sunshineDuration": 47139
    },
    {
        "datetime": 1746493752,
        "temp": 28.0,
        "weatherPic": "cloudy",
        "sunrise": 1746482722,
        "sunset": 1746529861,
        "weatherPicName": "多云",
        "sunshineDuration": 47139
    },
    {
        "datetime": 1746515128,
        "temp": 31.0,
        "weatherPic": "cloudy",
        "sunrise": 1746482722,
        "sunset": 1746529861,
        "weatherPicName": "多云",
        "sunshineDuration": 47139
    },
    {
        "datetime": 1746525956,
        "temp": 31.0,
        "weatherPic": "cloudy",
        "sunrise": 1746482722,
        "sunset": 1746529861,
        "weatherPicName": "多云",
        "sunshineDuration": 47139
    },
    {
        "datetime": 1746536724,
        "temp": 28.0,
        "weatherPic": "cloudy",
        "sunrise": 1746482722,
        "sunset": 1746529861,
        "weatherPicName": "多云",
        "sunshineDuration": 47139
    }
]