[
    {
        "datetime": 1746806808,
        "temp": 25.0,
        "weatherPic": "cloudy",
        "sunrise": 1746828188,
        "sunset": 1746875576,
        "weatherPicName": "多云",
        "sunshineDuration": 47388
    },
    {
        "datetime": 1746817458,
        "temp": 24.0,
        "weatherPic": "cloudy",
        "sunrise": 1746828188,
        "sunset": 1746875576,
        "weatherPicName": "多云",
        "sunshineDuration": 47388
    },
    {
        "datetime": 1746828128,
        "temp": 23.0,
        "weatherPic": "cloudy",
        "sunrise": 1746828188,
        "sunset": 1746875576,
        "weatherPicName": "多云",
        "sunshineDuration": 47388
    },
    {
        "datetime": 1746839177,
        "temp": 27.0,
        "weatherPic": "cloudy",
        "sunrise": 1746828188,
        "sunset": 1746875576,
        "weatherPicName": "多云",
        "sunshineDuration": 47388
    },
    {
        "datetime": 1746849920,
        "temp": 29.0,
        "weatherPic": "cloudy",
        "sunrise": 1746828188,
        "sunset": 1746875576,
        "weatherPicName": "多云",
        "sunshineDuration": 47388
    },
    {
        "datetime": 1746860616,
        "temp": 29.0,
        "weatherPic": "cloudy",
        "sunrise": 1746828188,
        "sunset": 1746875576,
        "weatherPicName": "多云",
        "sunshineDuration": 47388
    },
    {
        "datetime": 1746871427,
        "temp": 25.0,
        "weatherPic": "rainy-s",
        "sunrise": 1746828188,
        "sunset": 1746875576,
        "weatherPicName": "大雨",
        "sunshineDuration": 47388
    },
    {
        "datetime": 1746882372,
        "temp": 18.0,
        "weatherPic": "cloudy",
        "sunrise": 1746828188,
        "sunset": 1746875576,
        "weatherPicName": "多云",
        "sunshineDuration": 47388
    }
]