[
    {
        "datetime": 1740326648,
        "temp": 11.0,
        "weatherPic": "cloudy",
        "sunrise": 1740352064,
        "sunset": 1740393738,
        "weatherPicName": "多云",
        "sunshineDuration": 41674
    },
    {
        "datetime": 1740337440,
        "temp": 11.0,
        "weatherPic": "cloudy",
        "sunrise": 1740352064,
        "sunset": 1740393738,
        "weatherPicName": "多云",
        "sunshineDuration": 41674
    },
    {
        "datetime": 1740348253,
        "temp": 10.0,
        "weatherPic": "cloudy",
        "sunrise": 1740352064,
        "sunset": 1740393738,
        "weatherPicName": "多云",
        "sunshineDuration": 41674
    },
    {
        "datetime": 1740358962,
        "temp": 11.0,
        "weatherPic": "cloudy",
        "sunrise": 1740352064,
        "sunset": 1740393738,
        "weatherPicName": "多云",
        "sunshineDuration": 41674
    },
    {
        "datetime": 1740369893,
        "temp": 16.0,
        "weatherPic": "cloudy",
        "sunrise": 1740352064,
        "sunset": 1740393738,
        "weatherPicName": "多云",
        "sunshineDuration": 41674
    },
    {
        "datetime": 1740380573,
        "temp": 20.0,
        "weatherPic": "cloudy",
        "sunrise": 1740352064,
        "sunset": 1740393738,
        "weatherPicName": "多云",
        "sunshineDuration": 41674
    },
    {
        "datetime": 1740391396,
        "temp": 20.0,
        "weatherPic": "cloudy",
        "sunrise": 1740352064,
        "sunset": 1740393738,
        "weatherPicName": "多云",
        "sunshineDuration": 41674
    },
    {
        "datetime": 1740402178,
        "temp": 16.0,
        "weatherPic": "cloudy",
        "sunrise": 1740352064,
        "sunset": 1740393738,
        "weatherPicName": "多云",
        "sunshineDuration": 41674
    }
]