[
    {
        "datetime": 1738857851,
        "temp": 12.0,
        "weatherPic": "cloudy",
        "sunrise": 1738883931,
        "sunset": 1738924358,
        "weatherPicName": "多云",
        "sunshineDuration": 40427
    },
    {
        "datetime": 1738868640,
        "temp": 11.0,
        "weatherPic": "cloudy",
        "sunrise": 1738883931,
        "sunset": 1738924358,
        "weatherPicName": "多云",
        "sunshineDuration": 40427
    },
    {
        "datetime": 1738879380,
        "temp": 10.0,
        "weatherPic": "cloudy",
        "sunrise": 1738883931,
        "sunset": 1738924358,
        "weatherPicName": "多云",
        "sunshineDuration": 40427
    },
    {
        "datetime": 1738890256,
        "temp": 10.0,
        "weatherPic": "cloudy",
        "sunrise": 1738883931,
        "sunset": 1738924358,
        "weatherPicName": "多云",
        "sunshineDuration": 40427
    },
    {
        "datetime": 1738901150,
        "temp": 10.0,
        "weatherPic": "cloudy",
        "sunrise": 1738883931,
        "sunset": 1738924358,
        "weatherPicName": "多云",
        "sunshineDuration": 40427
    },
    {
        "datetime": 1738911811,
        "temp": 10.0,
        "weatherPic": "cloudy",
        "sunrise": 1738883931,
        "sunset": 1738924358,
        "weatherPicName": "多云",
        "sunshineDuration": 40427
    },
    {
        "datetime": 1738922728,
        "temp": 10.0,
        "weatherPic": "cloudy",
        "sunrise": 1738883931,
        "sunset": 1738924358,
        "weatherPicName": "多云",
        "sunshineDuration": 40427
    },
    {
        "datetime": 1738933401,
        "temp": 10.0,
        "weatherPic": "cloudy",
        "sunrise": 1738883931,
        "sunset": 1738924358,
        "weatherPicName": "多云",
        "sunshineDuration": 40427
    }
]