[
    {
        "datetime": 1751310181,
        "temp": 25.0,
        "weatherPic": "cloudy",
        "sunrise": 1751320758,
        "sunset": 1751369472,
        "weatherPicName": "多云",
        "sunshineDuration": 48714
    },
    {
        "datetime": 1751321065,
        "temp": 25.0,
        "weatherPic": "cloudy",
        "sunrise": 1751320758,
        "sunset": 1751369472,
        "weatherPicName": "多云",
        "sunshineDuration": 48714
    },
    {
        "datetime": 1751331934,
        "temp": 26.0,
        "weatherPic": "cloudy",
        "sunrise": 1751320758,
        "sunset": 1751369472,
        "weatherPicName": "多云",
        "sunshineDuration": 48714
    },
    {
        "datetime": 1751342504,
        "temp": 29.0,
        "weatherPic": "cloudy",
        "sunrise": 1751320758,
        "sunset": 1751369472,
        "weatherPicName": "多云",
        "sunshineDuration": 48714
    },
    {
        "datetime": 1751353467,
        "temp": 30.0,
        "weatherPic": "rainy-s",
        "sunrise": 1751320758,
        "sunset": 1751369472,
        "weatherPicName": "大雨",
        "sunshineDuration": 48714
    },
    {
        "datetime": 1751364391,
        "temp": 28.0,
        "weatherPic": "rainy-s",
        "sunrise": 1751320758,
        "sunset": 1751369472,
        "weatherPicName": "大雨",
        "sunshineDuration": 48714
    },
    {
        "datetime": 1751374997,
        "temp": 26.0,
        "weatherPic": "cloudy",
        "sunrise": 1751320758,
        "sunset": 1751369472,
        "weatherPicName": "多云",
        "sunshineDuration": 48714
    }
]