[
    {
        "datetime": 1748621122,
        "temp": 24.0,
        "weatherPic": "cloudy",
        "sunrise": 1748642159,
        "sunset": 1748690571,
        "weatherPicName": "多云",
        "sunshineDuration": 48412
    },
    {
        "datetime": 1748631713,
        "temp": 24.0,
        "weatherPic": "cloudy",
        "sunrise": 1748642159,
        "sunset": 1748690571,
        "weatherPicName": "多云",
        "sunshineDuration": 48412
    },
    {
        "datetime": 1748642641,
        "temp": 24.0,
        "weatherPic": "rainy-s",
        "sunrise": 1748642159,
        "sunset": 1748690571,
        "weatherPicName": "大雨",
        "sunshineDuration": 48412
    },
    {
        "datetime": 1748653398,
        "temp": 27.0,
        "weatherPic": "cloudy",
        "sunrise": 1748642159,
        "sunset": 1748690571,
        "weatherPicName": "多云",
        "sunshineDuration": 48412
    },
    {
        "datetime": 1748664308,
        "temp": 30.0,
        "weatherPic": "cloudy",
        "sunrise": 1748642159,
        "sunset": 1748690571,
        "weatherPicName": "多云",
        "sunshineDuration": 48412
    },
    {
        "datetime": 1748675082,
        "temp": 32.0,
        "weatherPic": "cloudy",
        "sunrise": 1748642159,
        "sunset": 1748690571,
        "weatherPicName": "多云",
        "sunshineDuration": 48412
    },
    {
        "datetime": 1748685774,
        "temp": 30.0,
        "weatherPic": "cloudy",
        "sunrise": 1748642159,
        "sunset": 1748690571,
        "weatherPicName": "多云",
        "sunshineDuration": 48412
    },
    {
        "datetime": 1748696560,
        "temp": 27.0,
        "weatherPic": "cloudy",
        "sunrise": 1748642159,
        "sunset": 1748690571,
        "weatherPicName": "多云",
        "sunshineDuration": 48412
    }
]