[
    {
        "datetime": 1741881890,
        "temp": 24.0,
        "weatherPic": "sunny",
        "sunrise": 1741906303,
        "sunset": 1741949408,
        "weatherPicName": "晴",
        "sunshineDuration": 43105
    },
    {
        "datetime": 1741892650,
        "temp": 23.0,
        "weatherPic": "cloudy",
        "sunrise": 1741906303,
        "sunset": 1741949408,
        "weatherPicName": "多云",
        "sunshineDuration": 43105
    },
    {
        "datetime": 1741903436,
        "temp": 23.0,
        "weatherPic": "cloudy",
        "sunrise": 1741906303,
        "sunset": 1741949408,
        "weatherPicName": "多云",
        "sunshineDuration": 43105
    },
    {
        "datetime": 1741914346,
        "temp": 24.0,
        "weatherPic": "cloudy",
        "sunrise": 1741906303,
        "sunset": 1741949408,
        "weatherPicName": "多云",
        "sunshineDuration": 43105
    },
    {
        "datetime": 1741925092,
        "temp": 28.0,
        "weatherPic": "cloudy",
        "sunrise": 1741906303,
        "sunset": 1741949408,
        "weatherPicName": "多云",
        "sunshineDuration": 43105
    },
    {
        "datetime": 1741935868,
        "temp": 30.0,
        "weatherPic": "cloudy",
        "sunrise": 1741906303,
        "sunset": 1741949408,
        "weatherPicName": "多云",
        "sunshineDuration": 43105
    },
    {
        "datetime": 1741946663,
        "temp": 30.0,
        "weatherPic": "cloudy",
        "sunrise": 1741906303,
        "sunset": 1741949408,
        "weatherPicName": "多云",
        "sunshineDuration": 43105
    },
    {
        "datetime": 1741957485,
        "temp": 27.0,
        "weatherPic": "cloudy",
        "sunrise": 1741906303,
        "sunset": 1741949408,
        "weatherPicName": "多云",
        "sunshineDuration": 43105
    }
]