[
    {
        "datetime": 1739549033,
        "temp": 19.0,
        "weatherPic": "cloudy",
        "sunrise": 1739574854,
        "sunset": 1739615849,
        "weatherPicName": "多云",
        "sunshineDuration": 40995
    },
    {
        "datetime": 1739559857,
        "temp": 18.0,
        "weatherPic": "cloudy",
        "sunrise": 1739574854,
        "sunset": 1739615849,
        "weatherPicName": "多云",
        "sunshineDuration": 40995
    },
    {
        "datetime": 1739570578,
        "temp": 18.0,
        "weatherPic": "cloudy",
        "sunrise": 1739574854,
        "sunset": 1739615849,
        "weatherPicName": "多云",
        "sunshineDuration": 40995
    },
    {
        "datetime": 1739581586,
        "temp": 16.0,
        "weatherPic": "cloudy",
        "sunrise": 1739574854,
        "sunset": 1739615849,
        "weatherPicName": "多云",
        "sunshineDuration": 40995
    },
    {
        "datetime": 1739592277,
        "temp": 16.0,
        "weatherPic": "cloudy",
        "sunrise": 1739574854,
        "sunset": 1739615849,
        "weatherPicName": "多云",
        "sunshineDuration": 40995
    },
    {
        "datetime": 1739602992,
        "temp": 15.0,
        "weatherPic": "cloudy",
        "sunrise": 1739574854,
        "sunset": 1739615849,
        "weatherPicName": "多云",
        "sunshineDuration": 40995
    },
    {
        "datetime": 1739613791,
        "temp": 14.0,
        "weatherPic": "cloudy",
        "sunrise": 1739574854,
        "sunset": 1739615849,
        "weatherPicName": "多云",
        "sunshineDuration": 40995
    },
    {
        "datetime": 1739624659,
        "temp": 14.0,
        "weatherPic": "cloudy",
        "sunrise": 1739574854,
        "sunset": 1739615849,
        "weatherPicName": "多云",
        "sunshineDuration": 40995
    }
]