[
    {
        "datetime": 1747152368,
        "temp": 25.0,
        "weatherPic": "cloudy",
        "sunrise": 1747173669,
        "sunset": 1747221292,
        "weatherPicName": "多云",
        "sunshineDuration": 47623
    },
    {
        "datetime": 1747162944,
        "temp": 24.0,
        "weatherPic": "cloudy",
        "sunrise": 1747173669,
        "sunset": 1747221292,
        "weatherPicName": "多云",
        "sunshineDuration": 47623
    },
    {
        "datetime": 1747173896,
        "temp": 24.0,
        "weatherPic": "cloudy",
        "sunrise": 1747173669,
        "sunset": 1747221292,
        "weatherPicName": "多云",
        "sunshineDuration": 47623
    },
    {
        "datetime": 1747184893,
        "temp": 26.0,
        "weatherPic": "cloudy",
        "sunrise": 1747173669,
        "sunset": 1747221292,
        "weatherPicName": "多云",
        "sunshineDuration": 47623
    },
    {
        "datetime": 1747195595,
        "temp": 29.0,
        "weatherPic": "cloudy",
        "sunrise": 1747173669,
        "sunset": 1747221292,
        "weatherPicName": "多云",
        "sunshineDuration": 47623
    },
    {
        "datetime": 1747206268,
        "temp": 31.0,
        "weatherPic": "cloudy",
        "sunrise": 1747173669,
        "sunset": 1747221292,
        "weatherPicName": "多云",
        "sunshineDuration": 47623
    },
    {
        "datetime": 1747217293,
        "temp": 29.0,
        "weatherPic": "rainy-s",
        "sunrise": 1747173669,
        "sunset": 1747221292,
        "weatherPicName": "大雨",
        "sunshineDuration": 47623
    },
    {
        "datetime": 1747227993,
        "temp": 26.0,
        "weatherPic": "sunny",
        "sunrise": 1747173669,
        "sunset": 1747221292,
        "weatherPicName": "晴",
        "sunshineDuration": 47623
    }
]