[
    {
        "datetime": 1750780924,
        "temp": 26.0,
        "weatherPic": "cloudy",
        "sunrise": 1750802255,
        "sunset": 1750851038,
        "weatherPicName": "多云",
        "sunshineDuration": 48783
    },
    {
        "datetime": 1750791678,
        "temp": 25.0,
        "weatherPic": "cloudy",
        "sunrise": 1750802255,
        "sunset": 1750851038,
        "weatherPicName": "多云",
        "sunshineDuration": 48783
    },
    {
        "datetime": 1750802461,
        "temp": 25.0,
        "weatherPic": "cloudy",
        "sunrise": 1750802255,
        "sunset": 1750851038,
        "weatherPicName": "多云",
        "sunshineDuration": 48783
    },
    {
        "datetime": 1750813383,
        "temp": 28.0,
        "weatherPic": "cloudy",
        "sunrise": 1750802255,
        "sunset": 1750851038,
        "weatherPicName": "多云",
        "sunshineDuration": 48783
    },
    {
        "datetime": 1750824322,
        "temp": 31.0,
        "weatherPic": "cloudy",
        "sunrise": 1750802255,
        "sunset": 1750851038,
        "weatherPicName": "多云",
        "sunshineDuration": 48783
    },
    {
        "datetime": 1750835192,
        "temp": 33.0,
        "weatherPic": "cloudy",
        "sunrise": 1750802255,
        "sunset": 1750851038,
        "weatherPicName": "多云",
        "sunshineDuration": 48783
    },
    {
        "datetime": 1750845806,
        "temp": 32.0,
        "weatherPic": "cloudy",
        "sunrise": 1750802255,
        "sunset": 1750851038,
        "weatherPicName": "多云",
        "sunshineDuration": 48783
    },
    {
        "datetime": 1750856812,
        "temp": 28.0,
        "weatherPic": "sunny",
        "sunrise": 1750802255,
        "sunset": 1750851038,
        "weatherPicName": "晴",
        "sunshineDuration": 48783
    }
]