[
    {
        "datetime": 1747756969,
        "temp": 26.0,
        "weatherPic": "cloudy",
        "sunrise": 1747778303,
        "sunset": 1747826294,
        "weatherPicName": "多云",
        "sunshineDuration": 47991
    },
    {
        "datetime": 1747767858,
        "temp": 25.0,
        "weatherPic": "cloudy",
        "sunrise": 1747778303,
        "sunset": 1747826294,
        "weatherPicName": "多云",
        "sunshineDuration": 47991
    },
    {
        "datetime": 1747778700,
        "temp": 24.0,
        "weatherPic": "cloudy",
        "sunrise": 1747778303,
        "sunset": 1747826294,
        "weatherPicName": "多云",
        "sunshineDuration": 47991
    },
    {
        "datetime": 1747789526,
        "temp": 28.0,
        "weatherPic": "cloudy",
        "sunrise": 1747778303,
        "sunset": 1747826294,
        "weatherPicName": "多云",
        "sunshineDuration": 47991
    },
    {
        "datetime": 1747800182,
        "temp": 31.0,
        "weatherPic": "cloudy",
        "sunrise": 1747778303,
        "sunset": 1747826294,
        "weatherPicName": "多云",
        "sunshineDuration": 47991
    },
    {
        "datetime": 1747811205,
        "temp": 33.0,
        "weatherPic": "rainy-s",
        "sunrise": 1747778303,
        "sunset": 1747826294,
        "weatherPicName": "大雨",
        "sunshineDuration": 47991
    },
    {
        "datetime": 1747822005,
        "temp": 30.0,
        "weatherPic": "cloudy",
        "sunrise": 1747778303,
        "sunset": 1747826294,
        "weatherPicName": "多云",
        "sunshineDuration": 47991
    },
    {
        "datetime": 1747832771,
        "temp": 27.0,
        "weatherPic": "cloudy",
        "sunrise": 1747778303,
        "sunset": 1747826294,
        "weatherPicName": "多云",
        "sunshineDuration": 47991
    }
]