[
    {
        "datetime": 1752854457,
        "temp": 30.0,
        "weatherPic": "rainy-s",
        "sunrise": 1752876380,
        "sunset": 1752924541,
        "weatherPicName": "大雨",
        "sunshineDuration": 48161
    },
    {
        "datetime": 1752865240,
        "temp": 27.0,
        "weatherPic": "cloudy",
        "sunrise": 1752876380,
        "sunset": 1752924541,
        "weatherPicName": "多云",
        "sunshineDuration": 48161
    },
    {
        "datetime": 1752875995,
        "temp": 27.0,
        "weatherPic": "cloudy",
        "sunrise": 1752876380,
        "sunset": 1752924541,
        "weatherPicName": "多云",
        "sunshineDuration": 48161
    },
    {
        "datetime": 1752886792,
        "temp": 31.0,
        "weatherPic": "cloudy",
        "sunrise": 1752876380,
        "sunset": 1752924541,
        "weatherPicName": "多云",
        "sunshineDuration": 48161
    },
    {
        "datetime": 1752897907,
        "temp": 34.0,
        "weatherPic": "rainy-s",
        "sunrise": 1752876380,
        "sunset": 1752924541,
        "weatherPicName": "大雨",
        "sunshineDuration": 48161
    },
    {
        "datetime": 1752908687,
        "temp": 35.0,
        "weatherPic": "rainy-s",
        "sunrise": 1752876380,
        "sunset": 1752924541,
        "weatherPicName": "大雨",
        "sunshineDuration": 48161
    },
    {
        "datetime": 1752919515,
        "temp": 34.0,
        "weatherPic": "rainy-s",
        "sunrise": 1752876380,
        "sunset": 1752924541,
        "weatherPicName": "大雨",
        "sunshineDuration": 48161
    },
    {
        "datetime": 1752930208,
        "temp": 30.0,
        "weatherPic": "cloudy",
        "sunrise": 1752876380,
        "sunset": 1752924541,
        "weatherPicName": "多云",
        "sunshineDuration": 48161
    }
]