[
    {
        "datetime": 1737302659,
        "temp": 18.0,
        "weatherPic": "sunny",
        "sunrise": 1737329068,
        "sunset": 1737368415,
        "weatherPicName": "晴",
        "sunshineDuration": 39347
    },
    {
        "datetime": 1737313421,
        "temp": 16.0,
        "weatherPic": "sunny",
        "sunrise": 1737329068,
        "sunset": 1737368415,
        "weatherPicName": "晴",
        "sunshineDuration": 39347
    },
    {
        "datetime": 1737324289,
        "temp": 14.0,
        "weatherPic": "sunny",
        "sunrise": 1737329068,
        "sunset": 1737368415,
        "weatherPicName": "晴",
        "sunshineDuration": 39347
    },
    {
        "datetime": 1737335051,
        "temp": 17.0,
        "weatherPic": "sunny",
        "sunrise": 1737329068,
        "sunset": 1737368415,
        "weatherPicName": "晴",
        "sunshineDuration": 39347
    },
    {
        "datetime": 1737345872,
        "temp": 23.0,
        "weatherPic": "sunny",
        "sunrise": 1737329068,
        "sunset": 1737368415,
        "weatherPicName": "晴",
        "sunshineDuration": 39347
    },
    {
        "datetime": 1737356654,
        "temp": 25.0,
        "weatherPic": "sunny",
        "sunrise": 1737329068,
        "sunset": 1737368415,
        "weatherPicName": "晴",
        "sunshineDuration": 39347
    },
    {
        "datetime": 1737367451,
        "temp": 24.0,
        "weatherPic": "sunny",
        "sunrise": 1737329068,
        "sunset": 1737368415,
        "weatherPicName": "晴",
        "sunshineDuration": 39347
    },
    {
        "datetime": 1737378285,
        "temp": 20.0,
        "weatherPic": "sunny",
        "sunrise": 1737329068,
        "sunset": 1737368415,
        "weatherPicName": "晴",
        "sunshineDuration": 39347
    }
]