[
    {
        "datetime": 1740153795,
        "temp": 16.0,
        "weatherPic": "cloudy",
        "sunrise": 1740179357,
        "sunset": 1740220878,
        "weatherPicName": "多云",
        "sunshineDuration": 41521
    },
    {
        "datetime": 1740164587,
        "temp": 15.0,
        "weatherPic": "cloudy",
        "sunrise": 1740179357,
        "sunset": 1740220878,
        "weatherPicName": "多云",
        "sunshineDuration": 41521
    },
    {
        "datetime": 1740175461,
        "temp": 15.0,
        "weatherPic": "cloudy",
        "sunrise": 1740179357,
        "sunset": 1740220878,
        "weatherPicName": "多云",
        "sunshineDuration": 41521
    },
    {
        "datetime": 1740186277,
        "temp": 15.0,
        "weatherPic": "cloudy",
        "sunrise": 1740179357,
        "sunset": 1740220878,
        "weatherPicName": "多云",
        "sunshineDuration": 41521
    },
    {
        "datetime": 1740196978,
        "temp": 17.0,
        "weatherPic": "cloudy",
        "sunrise": 1740179357,
        "sunset": 1740220878,
        "weatherPicName": "多云",
        "sunshineDuration": 41521
    },
    {
        "datetime": 1740207875,
        "temp": 17.0,
        "weatherPic": "cloudy",
        "sunrise": 1740179357,
        "sunset": 1740220878,
        "weatherPicName": "多云",
        "sunshineDuration": 41521
    },
    {
        "datetime": 1740218693,
        "temp": 18.0,
        "weatherPic": "cloudy",
        "sunrise": 1740179357,
        "sunset": 1740220878,
        "weatherPicName": "多云",
        "sunshineDuration": 41521
    },
    {
        "datetime": 1740229375,
        "temp": 14.0,
        "weatherPic": "cloudy",
        "sunrise": 1740179357,
        "sunset": 1740220878,
        "weatherPicName": "多云",
        "sunshineDuration": 41521
    }
]