[
    {
        "datetime": 1737734655,
        "temp": 20.0,
        "weatherPic": "cloudy",
        "sunrise": 1737761017,
        "sunset": 1737800629,
        "weatherPicName": "多云",
        "sunshineDuration": 39612
    },
    {
        "datetime": 1737745460,
        "temp": 20.0,
        "weatherPic": "cloudy",
        "sunrise": 1737761017,
        "sunset": 1737800629,
        "weatherPicName": "多云",
        "sunshineDuration": 39612
    },
    {
        "datetime": 1737756246,
        "temp": 19.0,
        "weatherPic": "cloudy",
        "sunrise": 1737761017,
        "sunset": 1737800629,
        "weatherPicName": "多云",
        "sunshineDuration": 39612
    },
    {
        "datetime": 1737767122,
        "temp": 19.0,
        "weatherPic": "cloudy",
        "sunrise": 1737761017,
        "sunset": 1737800629,
        "weatherPicName": "多云",
        "sunshineDuration": 39612
    },
    {
        "datetime": 1737777869,
        "temp": 22.0,
        "weatherPic": "cloudy",
        "sunrise": 1737761017,
        "sunset": 1737800629,
        "weatherPicName": "多云",
        "sunshineDuration": 39612
    },
    {
        "datetime": 1737788638,
        "temp": 22.0,
        "weatherPic": "cloudy",
        "sunrise": 1737761017,
        "sunset": 1737800629,
        "weatherPicName": "多云",
        "sunshineDuration": 39612
    },
    {
        "datetime": 1737799445,
        "temp": 21.0,
        "weatherPic": "cloudy",
        "sunrise": 1737761017,
        "sunset": 1737800629,
        "weatherPicName": "多云",
        "sunshineDuration": 39612
    },
    {
        "datetime": 1737810239,
        "temp": 18.0,
        "weatherPic": "rainy-s",
        "sunrise": 1737761017,
        "sunset": 1737800629,
        "weatherPicName": "大雨",
        "sunshineDuration": 39612
    }
]