[
    {
        "datetime": 1748534681,
        "temp": 21.0,
        "weatherPic": "rainy-s",
        "sunrise": 1748555769,
        "sunset": 1748604145,
        "weatherPicName": "大雨",
        "sunshineDuration": 48376
    },
    {
        "datetime": 1748545305,
        "temp": 22.0,
        "weatherPic": "cloudy",
        "sunrise": 1748555769,
        "sunset": 1748604145,
        "weatherPicName": "多云",
        "sunshineDuration": 48376
    },
    {
        "datetime": 1748556077,
        "temp": 22.0,
        "weatherPic": "rainy-s",
        "sunrise": 1748555769,
        "sunset": 1748604145,
        "weatherPicName": "大雨",
        "sunshineDuration": 48376
    },
    {
        "datetime": 1748566925,
        "temp": 22.0,
        "weatherPic": "rainy-s",
        "sunrise": 1748555769,
        "sunset": 1748604145,
        "weatherPicName": "大雨",
        "sunshineDuration": 48376
    },
    {
        "datetime": 1748577995,
        "temp": 24.0,
        "weatherPic": "cloudy",
        "sunrise": 1748555769,
        "sunset": 1748604145,
        "weatherPicName": "多云",
        "sunshineDuration": 48376
    },
    {
        "datetime": 1748588610,
        "temp": 27.0,
        "weatherPic": "cloudy",
        "sunrise": 1748555769,
        "sunset": 1748604145,
        "weatherPicName": "多云",
        "sunshineDuration": 48376
    },
    {
        "datetime": 1748599496,
        "temp": 27.0,
        "weatherPic": "cloudy",
        "sunrise": 1748555769,
        "sunset": 1748604145,
        "weatherPicName": "多云",
        "sunshineDuration": 48376
    },
    {
        "datetime": 1748610404,
        "temp": 25.0,
        "weatherPic": "cloudy",
        "sunrise": 1748555769,
        "sunset": 1748604145,
        "weatherPicName": "多云",
        "sunshineDuration": 48376
    }
]