[
    {
        "datetime": 1739030615,
        "temp": 9.0,
        "weatherPic": "cloudy",
        "sunrise": 1739056669,
        "sunset": 1739097234,
        "weatherPicName": "多云",
        "sunshineDuration": 40565
    },
    {
        "datetime": 1739041455,
        "temp": 9.0,
        "weatherPic": "cloudy",
        "sunrise": 1739056669,
        "sunset": 1739097234,
        "weatherPicName": "多云",
        "sunshineDuration": 40565
    },
    {
        "datetime": 1739052245,
        "temp": 9.0,
        "weatherPic": "cloudy",
        "sunrise": 1739056669,
        "sunset": 1739097234,
        "weatherPicName": "多云",
        "sunshineDuration": 40565
    },
    {
        "datetime": 1739063013,
        "temp": 9.0,
        "weatherPic": "cloudy",
        "sunrise": 1739056669,
        "sunset": 1739097234,
        "weatherPicName": "多云",
        "sunshineDuration": 40565
    },
    {
        "datetime": 1739073798,
        "temp": 12.0,
        "weatherPic": "cloudy",
        "sunrise": 1739056669,
        "sunset": 1739097234,
        "weatherPicName": "多云",
        "sunshineDuration": 40565
    },
    {
        "datetime": 1739084590,
        "temp": 15.0,
        "weatherPic": "cloudy",
        "sunrise": 1739056669,
        "sunset": 1739097234,
        "weatherPicName": "多云",
        "sunshineDuration": 40565
    },
    {
        "datetime": 1739095506,
        "temp": 16.0,
        "weatherPic": "cloudy",
        "sunrise": 1739056669,
        "sunset": 1739097234,
        "weatherPicName": "多云",
        "sunshineDuration": 40565
    },
    {
        "datetime": 1739106203,
        "temp": 15.0,
        "weatherPic": "cloudy",
        "sunrise": 1739056669,
        "sunset": 1739097234,
        "weatherPicName": "多云",
        "sunshineDuration": 40565
    }
]