[
    {
        "datetime": 1740499463,
        "temp": 13.0,
        "weatherPic": "cloudy",
        "sunrise": 1740524767,
        "sunset": 1740566597,
        "weatherPicName": "多云",
        "sunshineDuration": 41830
    },
    {
        "datetime": 1740510246,
        "temp": 13.0,
        "weatherPic": "rainy-s",
        "sunrise": 1740524767,
        "sunset": 1740566597,
        "weatherPicName": "大雨",
        "sunshineDuration": 41830
    },
    {
        "datetime": 1740520958,
        "temp": 12.0,
        "weatherPic": "cloudy",
        "sunrise": 1740524767,
        "sunset": 1740566597,
        "weatherPicName": "多云",
        "sunshineDuration": 41830
    },
    {
        "datetime": 1740531893,
        "temp": 12.0,
        "weatherPic": "rainy-s",
        "sunrise": 1740524767,
        "sunset": 1740566597,
        "weatherPicName": "大雨",
        "sunshineDuration": 41830
    },
    {
        "datetime": 1740542628,
        "temp": 13.0,
        "weatherPic": "cloudy",
        "sunrise": 1740524767,
        "sunset": 1740566597,
        "weatherPicName": "多云",
        "sunshineDuration": 41830
    },
    {
        "datetime": 1740553484,
        "temp": 14.0,
        "weatherPic": "cloudy",
        "sunrise": 1740524767,
        "sunset": 1740566597,
        "weatherPicName": "多云",
        "sunshineDuration": 41830
    },
    {
        "datetime": 1740564190,
        "temp": 14.0,
        "weatherPic": "rainy-s",
        "sunrise": 1740524767,
        "sunset": 1740566597,
        "weatherPicName": "大雨",
        "sunshineDuration": 41830
    },
    {
        "datetime": 1740575071,
        "temp": 14.0,
        "weatherPic": "cloudy",
        "sunrise": 1740524767,
        "sunset": 1740566597,
        "weatherPicName": "多云",
        "sunshineDuration": 41830
    }
]