[
    {
        "datetime": 1743609798,
        "temp": 21.0,
        "weatherPic": "cloudy",
        "sunrise": 1743633127,
        "sunset": 1743677843,
        "weatherPicName": "多云",
        "sunshineDuration": 44716
    },
    {
        "datetime": 1743620619,
        "temp": 19.0,
        "weatherPic": "cloudy",
        "sunrise": 1743633127,
        "sunset": 1743677843,
        "weatherPicName": "多云",
        "sunshineDuration": 44716
    },
    {
        "datetime": 1743631409,
        "temp": 18.0,
        "weatherPic": "cloudy",
        "sunrise": 1743633127,
        "sunset": 1743677843,
        "weatherPicName": "多云",
        "sunshineDuration": 44716
    },
    {
        "datetime": 1743642218,
        "temp": 21.0,
        "weatherPic": "cloudy",
        "sunrise": 1743633127,
        "sunset": 1743677843,
        "weatherPicName": "多云",
        "sunshineDuration": 44716
    },
    {
        "datetime": 1743653106,
        "temp": 25.0,
        "weatherPic": "cloudy",
        "sunrise": 1743633127,
        "sunset": 1743677843,
        "weatherPicName": "多云",
        "sunshineDuration": 44716
    },
    {
        "datetime": 1743663881,
        "temp": 27.0,
        "weatherPic": "cloudy",
        "sunrise": 1743633127,
        "sunset": 1743677843,
        "weatherPicName": "多云",
        "sunshineDuration": 44716
    },
    {
        "datetime": 1743674708,
        "temp": 28.0,
        "weatherPic": "cloudy",
        "sunrise": 1743633127,
        "sunset": 1743677843,
        "weatherPicName": "多云",
        "sunshineDuration": 44716
    },
    {
        "datetime": 1743685479,
        "temp": 24.0,
        "weatherPic": "cloudy",
        "sunrise": 1743633127,
        "sunset": 1743677843,
        "weatherPicName": "多云",
        "sunshineDuration": 44716
    }
]