[
    {
        "datetime": 1751040123,
        "temp": 25.0,
        "weatherPic": "cloudy",
        "sunrise": 1751061503,
        "sunset": 1751110260,
        "weatherPicName": "多云",
        "sunshineDuration": 48757
    },
    {
        "datetime": 1751051066,
        "temp": 25.0,
        "weatherPic": "cloudy",
        "sunrise": 1751061503,
        "sunset": 1751110260,
        "weatherPicName": "多云",
        "sunshineDuration": 48757
    },
    {
        "datetime": 1751061660,
        "temp": 24.0,
        "weatherPic": "cloudy",
        "sunrise": 1751061503,
        "sunset": 1751110260,
        "weatherPicName": "多云",
        "sunshineDuration": 48757
    },
    {
        "datetime": 1751072733,
        "temp": 28.0,
        "weatherPic": "cloudy",
        "sunrise": 1751061503,
        "sunset": 1751110260,
        "weatherPicName": "多云",
        "sunshineDuration": 48757
    },
    {
        "datetime": 1751083290,
        "temp": 31.0,
        "weatherPic": "cloudy",
        "sunrise": 1751061503,
        "sunset": 1751110260,
        "weatherPicName": "多云",
        "sunshineDuration": 48757
    },
    {
        "datetime": 1751094303,
        "temp": 31.0,
        "weatherPic": "cloudy",
        "sunrise": 1751061503,
        "sunset": 1751110260,
        "weatherPicName": "多云",
        "sunshineDuration": 48757
    },
    {
        "datetime": 1751104943,
        "temp": 29.0,
        "weatherPic": "rainy-s",
        "sunrise": 1751061503,
        "sunset": 1751110260,
        "weatherPicName": "大雨",
        "sunshineDuration": 48757
    },
    {
        "datetime": 1751115933,
        "temp": 27.0,
        "weatherPic": "cloudy",
        "sunrise": 1751061503,
        "sunset": 1751110260,
        "weatherPicName": "多云",
        "sunshineDuration": 48757
    }
]