[
    {
        "datetime": 1745856301,
        "temp": 24.0,
        "weatherPic": "sunny",
        "sunrise": 1745878194,
        "sunset": 1745924868,
        "weatherPicName": "晴",
        "sunshineDuration": 46674
    },
    {
        "datetime": 1745867046,
        "temp": 23.0,
        "weatherPic": "cloudy",
        "sunrise": 1745878194,
        "sunset": 1745924868,
        "weatherPicName": "多云",
        "sunshineDuration": 46674
    },
    {
        "datetime": 1745877844,
        "temp": 22.0,
        "weatherPic": "cloudy",
        "sunrise": 1745878194,
        "sunset": 1745924868,
        "weatherPicName": "多云",
        "sunshineDuration": 46674
    },
    {
        "datetime": 1745888672,
        "temp": 26.0,
        "weatherPic": "cloudy",
        "sunrise": 1745878194,
        "sunset": 1745924868,
        "weatherPicName": "多云",
        "sunshineDuration": 46674
    },
    {
        "datetime": 1745899481,
        "temp": 25.0,
        "weatherPic": "cloudy",
        "sunrise": 1745878194,
        "sunset": 1745924868,
        "weatherPicName": "多云",
        "sunshineDuration": 46674
    },
    {
        "datetime": 1745921068,
        "temp": 29.0,
        "weatherPic": "rainy-s",
        "sunrise": 1745878194,
        "sunset": 1745924868,
        "weatherPicName": "大雨",
        "sunshineDuration": 46674
    },
    {
        "datetime": 1745931824,
        "temp": 26.0,
        "weatherPic": "cloudy",
        "sunrise": 1745878194,
        "sunset": 1745924868,
        "weatherPicName": "多云",
        "sunshineDuration": 46674
    }
]