[
    {
        "datetime": 1747325121,
        "temp": 25.0,
        "weatherPic": "rainy-s",
        "sunrise": 1747346417,
        "sunset": 1747394150,
        "weatherPicName": "大雨",
        "sunshineDuration": 47733
    },
    {
        "datetime": 1747335739,
        "temp": 25.0,
        "weatherPic": "cloudy",
        "sunrise": 1747346417,
        "sunset": 1747394150,
        "weatherPicName": "多云",
        "sunshineDuration": 47733
    },
    {
        "datetime": 1747346625,
        "temp": 25.0,
        "weatherPic": "cloudy",
        "sunrise": 1747346417,
        "sunset": 1747394150,
        "weatherPicName": "多云",
        "sunshineDuration": 47733
    },
    {
        "datetime": 1747357381,
        "temp": 26.0,
        "weatherPic": "rainy-s",
        "sunrise": 1747346417,
        "sunset": 1747394150,
        "weatherPicName": "大雨",
        "sunshineDuration": 47733
    },
    {
        "datetime": 1747368236,
        "temp": 30.0,
        "weatherPic": "rainy-s",
        "sunrise": 1747346417,
        "sunset": 1747394150,
        "weatherPicName": "大雨",
        "sunshineDuration": 47733
    },
    {
        "datetime": 1747379126,
        "temp": 26.0,
        "weatherPic": "cloudy",
        "sunrise": 1747346417,
        "sunset": 1747394150,
        "weatherPicName": "多云",
        "sunshineDuration": 47733
    },
    {
        "datetime": 1747389800,
        "temp": 26.0,
        "weatherPic": "rainy-s",
        "sunrise": 1747346417,
        "sunset": 1747394150,
        "weatherPicName": "大雨",
        "sunshineDuration": 47733
    },
    {
        "datetime": 1747400603,
        "temp": 26.0,
        "weatherPic": "rainy-s",
        "sunrise": 1747346417,
        "sunset": 1747394150,
        "weatherPicName": "大雨",
        "sunshineDuration": 47733
    }
]