[
    {
        "datetime": 1741622585,
        "temp": 22.0,
        "weatherPic": "cloudy",
        "sunrise": 1741647275,
        "sunset": 1741690138,
        "weatherPicName": "多云",
        "sunshineDuration": 42863
    },
    {
        "datetime": 1741633348,
        "temp": 21.0,
        "weatherPic": "sunny",
        "sunrise": 1741647275,
        "sunset": 1741690138,
        "weatherPicName": "晴",
        "sunshineDuration": 42863
    },
    {
        "datetime": 1741644124,
        "temp": 21.0,
        "weatherPic": "cloudy",
        "sunrise": 1741647275,
        "sunset": 1741690138,
        "weatherPicName": "多云",
        "sunshineDuration": 42863
    },
    {
        "datetime": 1741655044,
        "temp": 21.0,
        "weatherPic": "cloudy",
        "sunrise": 1741647275,
        "sunset": 1741690138,
        "weatherPicName": "多云",
        "sunshineDuration": 42863
    },
    {
        "datetime": 1741665878,
        "temp": 26.0,
        "weatherPic": "cloudy",
        "sunrise": 1741647275,
        "sunset": 1741690138,
        "weatherPicName": "多云",
        "sunshineDuration": 42863
    },
    {
        "datetime": 1741676690,
        "temp": 26.0,
        "weatherPic": "cloudy",
        "sunrise": 1741647275,
        "sunset": 1741690138,
        "weatherPicName": "多云",
        "sunshineDuration": 42863
    },
    {
        "datetime": 1741687362,
        "temp": 26.0,
        "weatherPic": "cloudy",
        "sunrise": 1741647275,
        "sunset": 1741690138,
        "weatherPicName": "多云",
        "sunshineDuration": 42863
    },
    {
        "datetime": 1741698242,
        "temp": 25.0,
        "weatherPic": "cloudy",
        "sunrise": 1741647275,
        "sunset": 1741690138,
        "weatherPicName": "多云",
        "sunshineDuration": 42863
    }
]