[
    {
        "datetime": 1749830777,
        "temp": 26.0,
        "weatherPic": "cloudy",
        "sunrise": 1749851738,
        "sunset": 1749900488,
        "weatherPicName": "多云",
        "sunshineDuration": 48750
    },
    {
        "datetime": 1749841425,
        "temp": 25.0,
        "weatherPic": "rainy-s",
        "sunrise": 1749851738,
        "sunset": 1749900488,
        "weatherPicName": "大雨",
        "sunshineDuration": 48750
    },
    {
        "datetime": 1749852252,
        "temp": 25.0,
        "weatherPic": "rainy-s",
        "sunrise": 1749851738,
        "sunset": 1749900488,
        "weatherPicName": "大雨",
        "sunshineDuration": 48750
    },
    {
        "datetime": 1749862883,
        "temp": 27.0,
        "weatherPic": "rainy-s",
        "sunrise": 1749851738,
        "sunset": 1749900488,
        "weatherPicName": "大雨",
        "sunshineDuration": 48750
    },
    {
        "datetime": 1749873761,
        "temp": 25.0,
        "weatherPic": "rainy-s",
        "sunrise": 1749851738,
        "sunset": 1749900488,
        "weatherPicName": "大雨",
        "sunshineDuration": 48750
    },
    {
        "datetime": 1749884547,
        "temp": 26.0,
        "weatherPic": "rainy-s",
        "sunrise": 1749851738,
        "sunset": 1749900488,
        "weatherPicName": "大雨",
        "sunshineDuration": 48750
    },
    {
        "datetime": 1749895342,
        "temp": 26.0,
        "weatherPic": "rainy-s",
        "sunrise": 1749851738,
        "sunset": 1749900488,
        "weatherPicName": "大雨",
        "sunshineDuration": 48750
    },
    {
        "datetime": 1749906177,
        "temp": 26.0,
        "weatherPic": "rainy-s",
        "sunrise": 1749851738,
        "sunset": 1749900488,
        "weatherPicName": "大雨",
        "sunshineDuration": 48750
    }
]