[
    {
        "datetime": 1735833852,
        "temp": 18.0,
        "weatherPic": "sunny",
        "sunrise": 1735860192,
        "sunset": 1735898905,
        "weatherPicName": "晴",
        "sunshineDuration": 38713
    },
    {
        "datetime": 1735844656,
        "temp": 15.0,
        "weatherPic": "sunny",
        "sunrise": 1735860192,
        "sunset": 1735898905,
        "weatherPicName": "晴",
        "sunshineDuration": 38713
    },
    {
        "datetime": 1735855386,
        "temp": 14.0,
        "weatherPic": "sunny",
        "sunrise": 1735860192,
        "sunset": 1735898905,
        "weatherPicName": "晴",
        "sunshineDuration": 38713
    },
    {
        "datetime": 1735866223,
        "temp": 16.0,
        "weatherPic": "sunny",
        "sunrise": 1735860192,
        "sunset": 1735898905,
        "weatherPicName": "晴",
        "sunshineDuration": 38713
    },
    {
        "datetime": 1735877064,
        "temp": 21.0,
        "weatherPic": "sunny",
        "sunrise": 1735860192,
        "sunset": 1735898905,
        "weatherPicName": "晴",
        "sunshineDuration": 38713
    },
    {
        "datetime": 1735887863,
        "temp": 24.0,
        "weatherPic": "sunny",
        "sunrise": 1735860192,
        "sunset": 1735898905,
        "weatherPicName": "晴",
        "sunshineDuration": 38713
    },
    {
        "datetime": 1735898597,
        "temp": 21.0,
        "weatherPic": "sunny",
        "sunrise": 1735860192,
        "sunset": 1735898905,
        "weatherPicName": "晴",
        "sunshineDuration": 38713
    },
    {
        "datetime": 1735909400,
        "temp": 18.0,
        "weatherPic": "sunny",
        "sunrise": 1735860192,
        "sunset": 1735898905,
        "weatherPicName": "晴",
        "sunshineDuration": 38713
    }
]