[
    {
        "datetime": 1742227455,
        "temp": 14.0,
        "weatherPic": "cloudy",
        "sunrise": 1742251670,
        "sunset": 1742295099,
        "weatherPicName": "多云",
        "sunshineDuration": 43429
    },
    {
        "datetime": 1742238248,
        "temp": 13.0,
        "weatherPic": "cloudy",
        "sunrise": 1742251670,
        "sunset": 1742295099,
        "weatherPicName": "多云",
        "sunshineDuration": 43429
    },
    {
        "datetime": 1742249038,
        "temp": 12.0,
        "weatherPic": "cloudy",
        "sunrise": 1742251670,
        "sunset": 1742295099,
        "weatherPicName": "多云",
        "sunshineDuration": 43429
    },
    {
        "datetime": 1742259949,
        "temp": 12.0,
        "weatherPic": "cloudy",
        "sunrise": 1742251670,
        "sunset": 1742295099,
        "weatherPicName": "多云",
        "sunshineDuration": 43429
    },
    {
        "datetime": 1742270682,
        "temp": 15.0,
        "weatherPic": "cloudy",
        "sunrise": 1742251670,
        "sunset": 1742295099,
        "weatherPicName": "多云",
        "sunshineDuration": 43429
    },
    {
        "datetime": 1742281526,
        "temp": 20.0,
        "weatherPic": "cloudy",
        "sunrise": 1742251670,
        "sunset": 1742295099,
        "weatherPicName": "多云",
        "sunshineDuration": 43429
    },
    {
        "datetime": 1742292300,
        "temp": 20.0,
        "weatherPic": "cloudy",
        "sunrise": 1742251670,
        "sunset": 1742295099,
        "weatherPicName": "多云",
        "sunshineDuration": 43429
    },
    {
        "datetime": 1742303033,
        "temp": 18.0,
        "weatherPic": "cloudy",
        "sunrise": 1742251670,
        "sunset": 1742295099,
        "weatherPicName": "多云",
        "sunshineDuration": 43429
    }
]