[
    {
        "datetime": 1739376280,
        "temp": 13.0,
        "weatherPic": "cloudy",
        "sunrise": 1739402130,
        "sunset": 1739442979,
        "weatherPicName": "多云",
        "sunshineDuration": 40849
    },
    {
        "datetime": 1739386973,
        "temp": 12.0,
        "weatherPic": "cloudy",
        "sunrise": 1739402130,
        "sunset": 1739442979,
        "weatherPicName": "多云",
        "sunshineDuration": 40849
    },
    {
        "datetime": 1739397790,
        "temp": 12.0,
        "weatherPic": "cloudy",
        "sunrise": 1739402130,
        "sunset": 1739442979,
        "weatherPicName": "多云",
        "sunshineDuration": 40849
    },
    {
        "datetime": 1739408674,
        "temp": 13.0,
        "weatherPic": "cloudy",
        "sunrise": 1739402130,
        "sunset": 1739442979,
        "weatherPicName": "多云",
        "sunshineDuration": 40849
    },
    {
        "datetime": 1739419563,
        "temp": 18.0,
        "weatherPic": "cloudy",
        "sunrise": 1739402130,
        "sunset": 1739442979,
        "weatherPicName": "多云",
        "sunshineDuration": 40849
    },
    {
        "datetime": 1739430248,
        "temp": 21.0,
        "weatherPic": "cloudy",
        "sunrise": 1739402130,
        "sunset": 1739442979,
        "weatherPicName": "多云",
        "sunshineDuration": 40849
    },
    {
        "datetime": 1739441052,
        "temp": 21.0,
        "weatherPic": "cloudy",
        "sunrise": 1739402130,
        "sunset": 1739442979,
        "weatherPicName": "多云",
        "sunshineDuration": 40849
    },
    {
        "datetime": 1739451838,
        "temp": 20.0,
        "weatherPic": "cloudy",
        "sunrise": 1739402130,
        "sunset": 1739442979,
        "weatherPicName": "多云",
        "sunshineDuration": 40849
    }
]