[
    {
        "datetime": 1746720372,
        "temp": 26.0,
        "weatherPic": "cloudy",
        "sunrise": 1746741820,
        "sunset": 1746789147,
        "weatherPicName": "多云",
        "sunshineDuration": 47327
    },
    {
        "datetime": 1746730975,
        "temp": 26.0,
        "weatherPic": "cloudy",
        "sunrise": 1746741820,
        "sunset": 1746789147,
        "weatherPicName": "多云",
        "sunshineDuration": 47327
    },
    {
        "datetime": 1746741746,
        "temp": 25.0,
        "weatherPic": "rainy-s",
        "sunrise": 1746741820,
        "sunset": 1746789147,
        "weatherPicName": "大雨",
        "sunshineDuration": 47327
    },
    {
        "datetime": 1746752657,
        "temp": 24.0,
        "weatherPic": "cloudy",
        "sunrise": 1746741820,
        "sunset": 1746789147,
        "weatherPicName": "多云",
        "sunshineDuration": 47327
    },
    {
        "datetime": 1746763564,
        "temp": 22.0,
        "weatherPic": "cloudy",
        "sunrise": 1746741820,
        "sunset": 1746789147,
        "weatherPicName": "多云",
        "sunshineDuration": 47327
    },
    {
        "datetime": 1746774419,
        "temp": 25.0,
        "weatherPic": "cloudy",
        "sunrise": 1746741820,
        "sunset": 1746789147,
        "weatherPicName": "多云",
        "sunshineDuration": 47327
    },
    {
        "datetime": 1746785216,
        "temp": 28.0,
        "weatherPic": "cloudy",
        "sunrise": 1746741820,
        "sunset": 1746789147,
        "weatherPicName": "多云",
        "sunshineDuration": 47327
    },
    {
        "datetime": 1746796189,
        "temp": 26.0,
        "weatherPic": "sunny",
        "sunrise": 1746741820,
        "sunset": 1746789147,
        "weatherPicName": "晴",
        "sunshineDuration": 47327
    }
]