[
    {
        "datetime": 1751817684,
        "temp": 28.0,
        "weatherPic": "cloudy",
        "sunrise": 1751839284,
        "sunset": 1751887869,
        "weatherPicName": "多云",
        "sunshineDuration": 48585
    },
    {
        "datetime": 1751828623,
        "temp": 27.0,
        "weatherPic": "cloudy",
        "sunrise": 1751839284,
        "sunset": 1751887869,
        "weatherPicName": "多云",
        "sunshineDuration": 48585
    },
    {
        "datetime": 1751839416,
        "temp": 26.0,
        "weatherPic": "cloudy",
        "sunrise": 1751839284,
        "sunset": 1751887869,
        "weatherPicName": "多云",
        "sunshineDuration": 48585
    },
    {
        "datetime": 1751850101,
        "temp": 29.0,
        "weatherPic": "cloudy",
        "sunrise": 1751839284,
        "sunset": 1751887869,
        "weatherPicName": "多云",
        "sunshineDuration": 48585
    },
    {
        "datetime": 1751861067,
        "temp": 32.0,
        "weatherPic": "cloudy",
        "sunrise": 1751839284,
        "sunset": 1751887869,
        "weatherPicName": "多云",
        "sunshineDuration": 48585
    },
    {
        "datetime": 1751871774,
        "temp": 34.0,
        "weatherPic": "cloudy",
        "sunrise": 1751839284,
        "sunset": 1751887869,
        "weatherPicName": "多云",
        "sunshineDuration": 48585
    },
    {
        "datetime": 1751882534,
        "temp": 30.0,
        "weatherPic": "rainy-s",
        "sunrise": 1751839284,
        "sunset": 1751887869,
        "weatherPicName": "大雨",
        "sunshineDuration": 48585
    },
    {
        "datetime": 1751893513,
        "temp": 27.0,
        "weatherPic": "sunny",
        "sunrise": 1751839284,
        "sunset": 1751887869,
        "weatherPicName": "晴",
        "sunshineDuration": 48585
    }
]