[
    {
        "datetime": 1747238810,
        "temp": 25.0,
        "weatherPic": "cloudy",
        "sunrise": 1747260042,
        "sunset": 1747307721,
        "weatherPicName": "多云",
        "sunshineDuration": 47679
    },
    {
        "datetime": 1747249368,
        "temp": 24.0,
        "weatherPic": "cloudy",
        "sunrise": 1747260042,
        "sunset": 1747307721,
        "weatherPicName": "多云",
        "sunshineDuration": 47679
    },
    {
        "datetime": 1747260113,
        "temp": 24.0,
        "weatherPic": "cloudy",
        "sunrise": 1747260042,
        "sunset": 1747307721,
        "weatherPicName": "多云",
        "sunshineDuration": 47679
    },
    {
        "datetime": 1747271072,
        "temp": 27.0,
        "weatherPic": "cloudy",
        "sunrise": 1747260042,
        "sunset": 1747307721,
        "weatherPicName": "多云",
        "sunshineDuration": 47679
    },
    {
        "datetime": 1747281906,
        "temp": 30.0,
        "weatherPic": "rainy-s",
        "sunrise": 1747260042,
        "sunset": 1747307721,
        "weatherPicName": "大雨",
        "sunshineDuration": 47679
    },
    {
        "datetime": 1747292719,
        "temp": 31.0,
        "weatherPic": "rainy-s",
        "sunrise": 1747260042,
        "sunset": 1747307721,
        "weatherPicName": "大雨",
        "sunshineDuration": 47679
    },
    {
        "datetime": 1747303550,
        "temp": 28.0,
        "weatherPic": "cloudy",
        "sunrise": 1747260042,
        "sunset": 1747307721,
        "weatherPicName": "多云",
        "sunshineDuration": 47679
    },
    {
        "datetime": 1747314520,
        "temp": 26.0,
        "weatherPic": "cloudy",
        "sunrise": 1747260042,
        "sunset": 1747307721,
        "weatherPicName": "多云",
        "sunshineDuration": 47679
    }
]