[
    {
        "datetime": 1748707351,
        "temp": 26.0,
        "weatherPic": "cloudy",
        "sunrise": 1748728551,
        "sunset": 1748776997,
        "weatherPicName": "多云",
        "sunshineDuration": 48446
    },
    {
        "datetime": 1748718106,
        "temp": 25.0,
        "weatherPic": "cloudy",
        "sunrise": 1748728551,
        "sunset": 1748776997,
        "weatherPicName": "多云",
        "sunshineDuration": 48446
    },
    {
        "datetime": 1748728887,
        "temp": 25.0,
        "weatherPic": "cloudy",
        "sunrise": 1748728551,
        "sunset": 1748776997,
        "weatherPicName": "多云",
        "sunshineDuration": 48446
    },
    {
        "datetime": 1748739735,
        "temp": 27.0,
        "weatherPic": "cloudy",
        "sunrise": 1748728551,
        "sunset": 1748776997,
        "weatherPicName": "多云",
        "sunshineDuration": 48446
    },
    {
        "datetime": 1748750776,
        "temp": 30.0,
        "weatherPic": "cloudy",
        "sunrise": 1748728551,
        "sunset": 1748776997,
        "weatherPicName": "多云",
        "sunshineDuration": 48446
    },
    {
        "datetime": 1748761526,
        "temp": 33.0,
        "weatherPic": "cloudy",
        "sunrise": 1748728551,
        "sunset": 1748776997,
        "weatherPicName": "多云",
        "sunshineDuration": 48446
    },
    {
        "datetime": 1748772291,
        "temp": 31.0,
        "weatherPic": "cloudy",
        "sunrise": 1748728551,
        "sunset": 1748776997,
        "weatherPicName": "多云",
        "sunshineDuration": 48446
    },
    {
        "datetime": 1748783088,
        "temp": 27.0,
        "weatherPic": "cloudy",
        "sunrise": 1748728551,
        "sunset": 1748776997,
        "weatherPicName": "多云",
        "sunshineDuration": 48446
    }
]