[
    {
        "datetime": 1738512288,
        "temp": 12.0,
        "weatherPic": "cloudy",
        "sunrise": 1738538442,
        "sunset": 1738578602,
        "weatherPicName": "多云",
        "sunshineDuration": 40160
    },
    {
        "datetime": 1738523050,
        "temp": 12.0,
        "weatherPic": "cloudy",
        "sunrise": 1738538442,
        "sunset": 1738578602,
        "weatherPicName": "多云",
        "sunshineDuration": 40160
    },
    {
        "datetime": 1738533850,
        "temp": 11.0,
        "weatherPic": "cloudy",
        "sunrise": 1738538442,
        "sunset": 1738578602,
        "weatherPicName": "多云",
        "sunshineDuration": 40160
    },
    {
        "datetime": 1738544579,
        "temp": 11.0,
        "weatherPic": "cloudy",
        "sunrise": 1738538442,
        "sunset": 1738578602,
        "weatherPicName": "多云",
        "sunshineDuration": 40160
    },
    {
        "datetime": 1738555460,
        "temp": 11.0,
        "weatherPic": "cloudy",
        "sunrise": 1738538442,
        "sunset": 1738578602,
        "weatherPicName": "多云",
        "sunshineDuration": 40160
    },
    {
        "datetime": 1738566311,
        "temp": 12.0,
        "weatherPic": "cloudy",
        "sunrise": 1738538442,
        "sunset": 1738578602,
        "weatherPicName": "多云",
        "sunshineDuration": 40160
    },
    {
        "datetime": 1738577032,
        "temp": 13.0,
        "weatherPic": "cloudy",
        "sunrise": 1738538442,
        "sunset": 1738578602,
        "weatherPicName": "多云",
        "sunshineDuration": 40160
    },
    {
        "datetime": 1738587816,
        "temp": 12.0,
        "weatherPic": "cloudy",
        "sunrise": 1738538442,
        "sunset": 1738578602,
        "weatherPicName": "多云",
        "sunshineDuration": 40160
    }
]