[
    {
        "datetime": 1736265818,
        "temp": 18.0,
        "weatherPic": "cloudy",
        "sunrise": 1736292254,
        "sunset": 1736331104,
        "weatherPicName": "多云",
        "sunshineDuration": 38850
    },
    {
        "datetime": 1736276574,
        "temp": 16.0,
        "weatherPic": "cloudy",
        "sunrise": 1736292254,
        "sunset": 1736331104,
        "weatherPicName": "多云",
        "sunshineDuration": 38850
    },
    {
        "datetime": 1736287376,
        "temp": 15.0,
        "weatherPic": "cloudy",
        "sunrise": 1736292254,
        "sunset": 1736331104,
        "weatherPicName": "多云",
        "sunshineDuration": 38850
    },
    {
        "datetime": 1736298261,
        "temp": 15.0,
        "weatherPic": "cloudy",
        "sunrise": 1736292254,
        "sunset": 1736331104,
        "weatherPicName": "多云",
        "sunshineDuration": 38850
    },
    {
        "datetime": 1736308989,
        "temp": 17.0,
        "weatherPic": "cloudy",
        "sunrise": 1736292254,
        "sunset": 1736331104,
        "weatherPicName": "多云",
        "sunshineDuration": 38850
    },
    {
        "datetime": 1736319785,
        "temp": 18.0,
        "weatherPic": "cloudy",
        "sunrise": 1736292254,
        "sunset": 1736331104,
        "weatherPicName": "多云",
        "sunshineDuration": 38850
    },
    {
        "datetime": 1736330699,
        "temp": 19.0,
        "weatherPic": "cloudy",
        "sunrise": 1736292254,
        "sunset": 1736331104,
        "weatherPicName": "多云",
        "sunshineDuration": 38850
    },
    {
        "datetime": 1736341518,
        "temp": 16.0,
        "weatherPic": "cloudy",
        "sunrise": 1736292254,
        "sunset": 1736331104,
        "weatherPicName": "多云",
        "sunshineDuration": 38850
    }
]