[
    {
        "datetime": 1739721848,
        "temp": 14.0,
        "weatherPic": "cloudy",
        "sunrise": 1739747574,
        "sunset": 1739788717,
        "weatherPicName": "多云",
        "sunshineDuration": 41143
    },
    {
        "datetime": 1739732921,
        "temp": 14.0,
        "weatherPic": "cloudy",
        "sunrise": 1739747574,
        "sunset": 1739788717,
        "weatherPicName": "多云",
        "sunshineDuration": 41143
    },
    {
        "datetime": 1739743387,
        "temp": 14.0,
        "weatherPic": "cloudy",
        "sunrise": 1739747574,
        "sunset": 1739788717,
        "weatherPicName": "多云",
        "sunshineDuration": 41143
    },
    {
        "datetime": 1739754275,
        "temp": 15.0,
        "weatherPic": "cloudy",
        "sunrise": 1739747574,
        "sunset": 1739788717,
        "weatherPicName": "多云",
        "sunshineDuration": 41143
    },
    {
        "datetime": 1739765054,
        "temp": 18.0,
        "weatherPic": "cloudy",
        "sunrise": 1739747574,
        "sunset": 1739788717,
        "weatherPicName": "多云",
        "sunshineDuration": 41143
    },
    {
        "datetime": 1739775780,
        "temp": 19.0,
        "weatherPic": "cloudy",
        "sunrise": 1739747574,
        "sunset": 1739788717,
        "weatherPicName": "多云",
        "sunshineDuration": 41143
    },
    {
        "datetime": 1739786675,
        "temp": 17.0,
        "weatherPic": "cloudy",
        "sunrise": 1739747574,
        "sunset": 1739788717,
        "weatherPicName": "多云",
        "sunshineDuration": 41143
    },
    {
        "datetime": 1739797454,
        "temp": 15.0,
        "weatherPic": "cloudy",
        "sunrise": 1739747574,
        "sunset": 1739788717,
        "weatherPicName": "多云",
        "sunshineDuration": 41143
    }
]