[
    {
        "datetime": 1739894634,
        "temp": 14.0,
        "weatherPic": "cloudy",
        "sunrise": 1739920290,
        "sunset": 1739961583,
        "weatherPicName": "多云",
        "sunshineDuration": 41293
    },
    {
        "datetime": 1739905370,
        "temp": 14.0,
        "weatherPic": "cloudy",
        "sunrise": 1739920290,
        "sunset": 1739961583,
        "weatherPicName": "多云",
        "sunshineDuration": 41293
    },
    {
        "datetime": 1739916224,
        "temp": 13.0,
        "weatherPic": "cloudy",
        "sunrise": 1739920290,
        "sunset": 1739961583,
        "weatherPicName": "多云",
        "sunshineDuration": 41293
    },
    {
        "datetime": 1739927124,
        "temp": 14.0,
        "weatherPic": "cloudy",
        "sunrise": 1739920290,
        "sunset": 1739961583,
        "weatherPicName": "多云",
        "sunshineDuration": 41293
    },
    {
        "datetime": 1739937858,
        "temp": 16.0,
        "weatherPic": "cloudy",
        "sunrise": 1739920290,
        "sunset": 1739961583,
        "weatherPicName": "多云",
        "sunshineDuration": 41293
    },
    {
        "datetime": 1739948611,
        "temp": 20.0,
        "weatherPic": "cloudy",
        "sunrise": 1739920290,
        "sunset": 1739961583,
        "weatherPicName": "多云",
        "sunshineDuration": 41293
    },
    {
        "datetime": 1739959556,
        "temp": 20.0,
        "weatherPic": "cloudy",
        "sunrise": 1739920290,
        "sunset": 1739961583,
        "weatherPicName": "多云",
        "sunshineDuration": 41293
    },
    {
        "datetime": 1739970283,
        "temp": 17.0,
        "weatherPic": "cloudy",
        "sunrise": 1739920290,
        "sunset": 1739961583,
        "weatherPicName": "多云",
        "sunshineDuration": 41293
    }
]