[
    {
        "datetime": 1741276967,
        "temp": 13.0,
        "weatherPic": "cloudy",
        "sunrise": 1741301898,
        "sunset": 1741344440,
        "weatherPicName": "多云",
        "sunshineDuration": 42542
    },
    {
        "datetime": 1741287806,
        "temp": 12.0,
        "weatherPic": "cloudy",
        "sunrise": 1741301898,
        "sunset": 1741344440,
        "weatherPicName": "多云",
        "sunshineDuration": 42542
    },
    {
        "datetime": 1741298562,
        "temp": 10.0,
        "weatherPic": "cloudy",
        "sunrise": 1741301898,
        "sunset": 1741344440,
        "weatherPicName": "多云",
        "sunshineDuration": 42542
    },
    {
        "datetime": 1741309495,
        "temp": 10.0,
        "weatherPic": "cloudy",
        "sunrise": 1741301898,
        "sunset": 1741344440,
        "weatherPicName": "多云",
        "sunshineDuration": 42542
    },
    {
        "datetime": 1741320264,
        "temp": 11.0,
        "weatherPic": "cloudy",
        "sunrise": 1741301898,
        "sunset": 1741344440,
        "weatherPicName": "多云",
        "sunshineDuration": 42542
    },
    {
        "datetime": 1741330981,
        "temp": 13.0,
        "weatherPic": "cloudy",
        "sunrise": 1741301898,
        "sunset": 1741344440,
        "weatherPicName": "多云",
        "sunshineDuration": 42542
    },
    {
        "datetime": 1741341839,
        "temp": 16.0,
        "weatherPic": "cloudy",
        "sunrise": 1741301898,
        "sunset": 1741344440,
        "weatherPicName": "多云",
        "sunshineDuration": 42542
    },
    {
        "datetime": 1741352636,
        "temp": 15.0,
        "weatherPic": "cloudy",
        "sunrise": 1741301898,
        "sunset": 1741344440,
        "weatherPicName": "多云",
        "sunshineDuration": 42542
    }
]