[
    {
        "datetime": 1745942642,
        "temp": 25.0,
        "weatherPic": "cloudy",
        "sunrise": 1745964553,
        "sunset": 1746011295,
        "weatherPicName": "多云",
        "sunshineDuration": 46742
    },
    {
        "datetime": 1745953388,
        "temp": 24.0,
        "weatherPic": "cloudy",
        "sunrise": 1745964553,
        "sunset": 1746011295,
        "weatherPicName": "多云",
        "sunshineDuration": 46742
    },
    {
        "datetime": 1745964227,
        "temp": 23.0,
        "weatherPic": "cloudy",
        "sunrise": 1745964553,
        "sunset": 1746011295,
        "weatherPicName": "多云",
        "sunshineDuration": 46742
    },
    {
        "datetime": 1745975103,
        "temp": 26.0,
        "weatherPic": "cloudy",
        "sunrise": 1745964553,
        "sunset": 1746011295,
        "weatherPicName": "多云",
        "sunshineDuration": 46742
    },
    {
        "datetime": 1745985994,
        "temp": 29.0,
        "weatherPic": "cloudy",
        "sunrise": 1745964553,
        "sunset": 1746011295,
        "weatherPicName": "多云",
        "sunshineDuration": 46742
    },
    {
        "datetime": 1745996640,
        "temp": 30.0,
        "weatherPic": "rainy-s",
        "sunrise": 1745964553,
        "sunset": 1746011295,
        "weatherPicName": "大雨",
        "sunshineDuration": 46742
    },
    {
        "datetime": 1746007470,
        "temp": 26.0,
        "weatherPic": "rainy-s",
        "sunrise": 1745964553,
        "sunset": 1746011295,
        "weatherPicName": "大雨",
        "sunshineDuration": 46742
    },
    {
        "datetime": 1746018426,
        "temp": 24.0,
        "weatherPic": "rainy-s",
        "sunrise": 1745964553,
        "sunset": 1746011295,
        "weatherPicName": "大雨",
        "sunshineDuration": 46742
    }
]