[
    {
        "datetime": 1747584219,
        "temp": 24.0,
        "weatherPic": "cloudy",
        "sunrise": 1747605545,
        "sunset": 1747653437,
        "weatherPicName": "多云",
        "sunshineDuration": 47892
    },
    {
        "datetime": 1747594754,
        "temp": 23.0,
        "weatherPic": "cloudy",
        "sunrise": 1747605545,
        "sunset": 1747653437,
        "weatherPicName": "多云",
        "sunshineDuration": 47892
    },
    {
        "datetime": 1747605675,
        "temp": 23.0,
        "weatherPic": "rainy-s",
        "sunrise": 1747605545,
        "sunset": 1747653437,
        "weatherPicName": "大雨",
        "sunshineDuration": 47892
    },
    {
        "datetime": 1747616589,
        "temp": 25.0,
        "weatherPic": "cloudy",
        "sunrise": 1747605545,
        "sunset": 1747653437,
        "weatherPicName": "多云",
        "sunshineDuration": 47892
    },
    {
        "datetime": 1747627628,
        "temp": 26.0,
        "weatherPic": "cloudy",
        "sunrise": 1747605545,
        "sunset": 1747653437,
        "weatherPicName": "多云",
        "sunshineDuration": 47892
    },
    {
        "datetime": 1747638324,
        "temp": 27.0,
        "weatherPic": "cloudy",
        "sunrise": 1747605545,
        "sunset": 1747653437,
        "weatherPicName": "多云",
        "sunshineDuration": 47892
    },
    {
        "datetime": 1747649415,
        "temp": 28.0,
        "weatherPic": "cloudy",
        "sunrise": 1747605545,
        "sunset": 1747653437,
        "weatherPicName": "多云",
        "sunshineDuration": 47892
    },
    {
        "datetime": 1747659950,
        "temp": 26.0,
        "weatherPic": "rainy-s",
        "sunrise": 1747605545,
        "sunset": 1747653437,
        "weatherPicName": "大雨",
        "sunshineDuration": 47892
    }
]