[
    {
        "datetime": 1748361948,
        "temp": 23.0,
        "weatherPic": "cloudy",
        "sunrise": 1748382991,
        "sunset": 1748431291,
        "weatherPicName": "多云",
        "sunshineDuration": 48300
    },
    {
        "datetime": 1748372666,
        "temp": 23.0,
        "weatherPic": "cloudy",
        "sunrise": 1748382991,
        "sunset": 1748431291,
        "weatherPicName": "多云",
        "sunshineDuration": 48300
    },
    {
        "datetime": 1748383437,
        "temp": 23.0,
        "weatherPic": "cloudy",
        "sunrise": 1748382991,
        "sunset": 1748431291,
        "weatherPicName": "多云",
        "sunshineDuration": 48300
    },
    {
        "datetime": 1748394121,
        "temp": 26.0,
        "weatherPic": "cloudy",
        "sunrise": 1748382991,
        "sunset": 1748431291,
        "weatherPicName": "多云",
        "sunshineDuration": 48300
    },
    {
        "datetime": 1748405078,
        "temp": 29.0,
        "weatherPic": "cloudy",
        "sunrise": 1748382991,
        "sunset": 1748431291,
        "weatherPicName": "多云",
        "sunshineDuration": 48300
    },
    {
        "datetime": 1748415838,
        "temp": 28.0,
        "weatherPic": "cloudy",
        "sunrise": 1748382991,
        "sunset": 1748431291,
        "weatherPicName": "多云",
        "sunshineDuration": 48300
    },
    {
        "datetime": 1748426574,
        "temp": 27.0,
        "weatherPic": "cloudy",
        "sunrise": 1748382991,
        "sunset": 1748431291,
        "weatherPicName": "多云",
        "sunshineDuration": 48300
    },
    {
        "datetime": 1748437555,
        "temp": 24.0,
        "weatherPic": "cloudy",
        "sunrise": 1748382991,
        "sunset": 1748431291,
        "weatherPicName": "多云",
        "sunshineDuration": 48300
    }
]