[
    {
        "datetime": 1744560272,
        "temp": 18.0,
        "weatherPic": "cloudy",
        "sunrise": 1744582914,
        "sunset": 1744628490,
        "weatherPicName": "多云",
        "sunshineDuration": 45576
    },
    {
        "datetime": 1744571071,
        "temp": 17.0,
        "weatherPic": "cloudy",
        "sunrise": 1744582914,
        "sunset": 1744628490,
        "weatherPicName": "多云",
        "sunshineDuration": 45576
    },
    {
        "datetime": 1744581761,
        "temp": 17.0,
        "weatherPic": "cloudy",
        "sunrise": 1744582914,
        "sunset": 1744628490,
        "weatherPicName": "多云",
        "sunshineDuration": 45576
    },
    {
        "datetime": 1744592649,
        "temp": 22.0,
        "weatherPic": "cloudy",
        "sunrise": 1744582914,
        "sunset": 1744628490,
        "weatherPicName": "多云",
        "sunshineDuration": 45576
    },
    {
        "datetime": 1744603486,
        "temp": 27.0,
        "weatherPic": "cloudy",
        "sunrise": 1744582914,
        "sunset": 1744628490,
        "weatherPicName": "多云",
        "sunshineDuration": 45576
    },
    {
        "datetime": 1744614254,
        "temp": 30.0,
        "weatherPic": "cloudy",
        "sunrise": 1744582914,
        "sunset": 1744628490,
        "weatherPicName": "多云",
        "sunshineDuration": 45576
    },
    {
        "datetime": 1744625025,
        "temp": 30.0,
        "weatherPic": "cloudy",
        "sunrise": 1744582914,
        "sunset": 1744628490,
        "weatherPicName": "多云",
        "sunshineDuration": 45576
    },
    {
        "datetime": 1744635863,
        "temp": 25.0,
        "weatherPic": "cloudy",
        "sunrise": 1744582914,
        "sunset": 1744628490,
        "weatherPicName": "多云",
        "sunshineDuration": 45576
    }
]