[
    {
        "datetime": 1739116983,
        "temp": 14.0,
        "weatherPic": "cloudy",
        "sunrise": 1739143036,
        "sunset": 1739183671,
        "weatherPicName": "多云",
        "sunshineDuration": 40635
    },
    {
        "datetime": 1739127820,
        "temp": 11.0,
        "weatherPic": "cloudy",
        "sunrise": 1739143036,
        "sunset": 1739183671,
        "weatherPicName": "多云",
        "sunshineDuration": 40635
    },
    {
        "datetime": 1739138602,
        "temp": 11.0,
        "weatherPic": "cloudy",
        "sunrise": 1739143036,
        "sunset": 1739183671,
        "weatherPicName": "多云",
        "sunshineDuration": 40635
    },
    {
        "datetime": 1739149512,
        "temp": 14.0,
        "weatherPic": "cloudy",
        "sunrise": 1739143036,
        "sunset": 1739183671,
        "weatherPicName": "多云",
        "sunshineDuration": 40635
    },
    {
        "datetime": 1739160255,
        "temp": 16.0,
        "weatherPic": "cloudy",
        "sunrise": 1739143036,
        "sunset": 1739183671,
        "weatherPicName": "多云",
        "sunshineDuration": 40635
    },
    {
        "datetime": 1739170999,
        "temp": 15.0,
        "weatherPic": "cloudy",
        "sunrise": 1739143036,
        "sunset": 1739183671,
        "weatherPicName": "多云",
        "sunshineDuration": 40635
    },
    {
        "datetime": 1739181871,
        "temp": 16.0,
        "weatherPic": "cloudy",
        "sunrise": 1739143036,
        "sunset": 1739183671,
        "weatherPicName": "多云",
        "sunshineDuration": 40635
    },
    {
        "datetime": 1739192673,
        "temp": 13.0,
        "weatherPic": "sunny",
        "sunrise": 1739143036,
        "sunset": 1739183671,
        "weatherPicName": "晴",
        "sunshineDuration": 40635
    }
]