[
    {
        "datetime": 1741449894,
        "temp": 13.0,
        "weatherPic": "cloudy",
        "sunrise": 1741474587,
        "sunset": 1741517290,
        "weatherPicName": "多云",
        "sunshineDuration": 42703
    },
    {
        "datetime": 1741460685,
        "temp": 13.0,
        "weatherPic": "cloudy",
        "sunrise": 1741474587,
        "sunset": 1741517290,
        "weatherPicName": "多云",
        "sunshineDuration": 42703
    },
    {
        "datetime": 1741471489,
        "temp": 13.0,
        "weatherPic": "cloudy",
        "sunrise": 1741474587,
        "sunset": 1741517290,
        "weatherPicName": "多云",
        "sunshineDuration": 42703
    },
    {
        "datetime": 1741482293,
        "temp": 14.0,
        "weatherPic": "cloudy",
        "sunrise": 1741474587,
        "sunset": 1741517290,
        "weatherPicName": "多云",
        "sunshineDuration": 42703
    },
    {
        "datetime": 1741492993,
        "temp": 14.0,
        "weatherPic": "cloudy",
        "sunrise": 1741474587,
        "sunset": 1741517290,
        "weatherPicName": "多云",
        "sunshineDuration": 42703
    },
    {
        "datetime": 1741503903,
        "temp": 17.0,
        "weatherPic": "cloudy",
        "sunrise": 1741474587,
        "sunset": 1741517290,
        "weatherPicName": "多云",
        "sunshineDuration": 42703
    },
    {
        "datetime": 1741514692,
        "temp": 17.0,
        "weatherPic": "cloudy",
        "sunrise": 1741474587,
        "sunset": 1741517290,
        "weatherPicName": "多云",
        "sunshineDuration": 42703
    },
    {
        "datetime": 1741525504,
        "temp": 16.0,
        "weatherPic": "cloudy",
        "sunrise": 1741474587,
        "sunset": 1741517290,
        "weatherPicName": "多云",
        "sunshineDuration": 42703
    }
]