[
    {
        "datetime": 1737216253,
        "temp": 17.0,
        "weatherPic": "sunny",
        "sunrise": 1737242674,
        "sunset": 1737281971,
        "weatherPicName": "晴",
        "sunshineDuration": 39297
    },
    {
        "datetime": 1737227044,
        "temp": 16.0,
        "weatherPic": "sunny",
        "sunrise": 1737242674,
        "sunset": 1737281971,
        "weatherPicName": "晴",
        "sunshineDuration": 39297
    },
    {
        "datetime": 1737237874,
        "temp": 14.0,
        "weatherPic": "sunny",
        "sunrise": 1737242674,
        "sunset": 1737281971,
        "weatherPicName": "晴",
        "sunshineDuration": 39297
    },
    {
        "datetime": 1737248743,
        "temp": 16.0,
        "weatherPic": "sunny",
        "sunrise": 1737242674,
        "sunset": 1737281971,
        "weatherPicName": "晴",
        "sunshineDuration": 39297
    },
    {
        "datetime": 1737259470,
        "temp": 21.0,
        "weatherPic": "sunny",
        "sunrise": 1737242674,
        "sunset": 1737281971,
        "weatherPicName": "晴",
        "sunshineDuration": 39297
    },
    {
        "datetime": 1737270248,
        "temp": 24.0,
        "weatherPic": "sunny",
        "sunrise": 1737242674,
        "sunset": 1737281971,
        "weatherPicName": "晴",
        "sunshineDuration": 39297
    },
    {
        "datetime": 1737281072,
        "temp": 23.0,
        "weatherPic": "sunny",
        "sunrise": 1737242674,
        "sunset": 1737281971,
        "weatherPicName": "晴",
        "sunshineDuration": 39297
    },
    {
        "datetime": 1737291859,
        "temp": 20.0,
        "weatherPic": "sunny",
        "sunrise": 1737242674,
        "sunset": 1737281971,
        "weatherPicName": "晴",
        "sunshineDuration": 39297
    }
]