[
    {
        "datetime": 1749916956,
        "temp": 25.0,
        "weatherPic": "rainy-s",
        "sunrise": 1749938144,
        "sunset": 1749986905,
        "weatherPicName": "大雨",
        "sunshineDuration": 48761
    },
    {
        "datetime": 1749927706,
        "temp": 25.0,
        "weatherPic": "cloudy",
        "sunrise": 1749938144,
        "sunset": 1749986905,
        "weatherPicName": "多云",
        "sunshineDuration": 48761
    },
    {
        "datetime": 1749938485,
        "temp": 25.0,
        "weatherPic": "cloudy",
        "sunrise": 1749938144,
        "sunset": 1749986905,
        "weatherPicName": "多云",
        "sunshineDuration": 48761
    },
    {
        "datetime": 1749949322,
        "temp": 29.0,
        "weatherPic": "cloudy",
        "sunrise": 1749938144,
        "sunset": 1749986905,
        "weatherPicName": "多云",
        "sunshineDuration": 48761
    },
    {
        "datetime": 1749960281,
        "temp": 32.0,
        "weatherPic": "cloudy",
        "sunrise": 1749938144,
        "sunset": 1749986905,
        "weatherPicName": "多云",
        "sunshineDuration": 48761
    },
    {
        "datetime": 1749970956,
        "temp": 33.0,
        "weatherPic": "cloudy",
        "sunrise": 1749938144,
        "sunset": 1749986905,
        "weatherPicName": "多云",
        "sunshineDuration": 48761
    },
    {
        "datetime": 1749981918,
        "temp": 29.0,
        "weatherPic": "cloudy",
        "sunrise": 1749938144,
        "sunset": 1749986905,
        "weatherPicName": "多云",
        "sunshineDuration": 48761
    },
    {
        "datetime": 1749992714,
        "temp": 28.0,
        "weatherPic": "rainy-s",
        "sunrise": 1749938144,
        "sunset": 1749986905,
        "weatherPicName": "大雨",
        "sunshineDuration": 48761
    }
]