[
    {
        "datetime": 1750349159,
        "temp": 25.0,
        "weatherPic": "cloudy",
        "sunrise": 1750370189,
        "sunset": 1750418983,
        "weatherPicName": "多云",
        "sunshineDuration": 48794
    },
    {
        "datetime": 1750359648,
        "temp": 25.0,
        "weatherPic": "cloudy",
        "sunrise": 1750370189,
        "sunset": 1750418983,
        "weatherPicName": "多云",
        "sunshineDuration": 48794
    },
    {
        "datetime": 1750370470,
        "temp": 25.0,
        "weatherPic": "cloudy",
        "sunrise": 1750370189,
        "sunset": 1750418983,
        "weatherPicName": "多云",
        "sunshineDuration": 48794
    },
    {
        "datetime": 1750381474,
        "temp": 27.0,
        "weatherPic": "cloudy",
        "sunrise": 1750370189,
        "sunset": 1750418983,
        "weatherPicName": "多云",
        "sunshineDuration": 48794
    },
    {
        "datetime": 1750402980,
        "temp": 30.0,
        "weatherPic": "cloudy",
        "sunrise": 1750370189,
        "sunset": 1750418983,
        "weatherPicName": "多云",
        "sunshineDuration": 48794
    },
    {
        "datetime": 1750413693,
        "temp": 29.0,
        "weatherPic": "cloudy",
        "sunrise": 1750370189,
        "sunset": 1750418983,
        "weatherPicName": "多云",
        "sunshineDuration": 48794
    }
]