[
    {
        "datetime": 1736006571,
        "temp": 16.0,
        "weatherPic": "sunny",
        "sunrise": 1736033020,
        "sunset": 1736071783,
        "weatherPicName": "晴",
        "sunshineDuration": 38763
    },
    {
        "datetime": 1736017463,
        "temp": 14.0,
        "weatherPic": "sunny",
        "sunrise": 1736033020,
        "sunset": 1736071783,
        "weatherPicName": "晴",
        "sunshineDuration": 38763
    },
    {
        "datetime": 1736028187,
        "temp": 13.0,
        "weatherPic": "sunny",
        "sunrise": 1736033020,
        "sunset": 1736071783,
        "weatherPicName": "晴",
        "sunshineDuration": 38763
    },
    {
        "datetime": 1736039033,
        "temp": 15.0,
        "weatherPic": "sunny",
        "sunrise": 1736033020,
        "sunset": 1736071783,
        "weatherPicName": "晴",
        "sunshineDuration": 38763
    },
    {
        "datetime": 1736049872,
        "temp": 20.0,
        "weatherPic": "sunny",
        "sunrise": 1736033020,
        "sunset": 1736071783,
        "weatherPicName": "晴",
        "sunshineDuration": 38763
    },
    {
        "datetime": 1736060620,
        "temp": 22.0,
        "weatherPic": "sunny",
        "sunrise": 1736033020,
        "sunset": 1736071783,
        "weatherPicName": "晴",
        "sunshineDuration": 38763
    },
    {
        "datetime": 1736071461,
        "temp": 20.0,
        "weatherPic": "sunny",
        "sunrise": 1736033020,
        "sunset": 1736071783,
        "weatherPicName": "晴",
        "sunshineDuration": 38763
    },
    {
        "datetime": 1736082196,
        "temp": 16.0,
        "weatherPic": "sunny",
        "sunrise": 1736033020,
        "sunset": 1736071783,
        "weatherPicName": "晴",
        "sunshineDuration": 38763
    }
]