[
    {
        "datetime": 1737043473,
        "temp": 14.0,
        "weatherPic": "sunny",
        "sunrise": 1737069882,
        "sunset": 1737109085,
        "weatherPicName": "晴",
        "sunshineDuration": 39203
    },
    {
        "datetime": 1737054205,
        "temp": 13.0,
        "weatherPic": "sunny",
        "sunrise": 1737069882,
        "sunset": 1737109085,
        "weatherPicName": "晴",
        "sunshineDuration": 39203
    },
    {
        "datetime": 1737065056,
        "temp": 11.0,
        "weatherPic": "sunny",
        "sunrise": 1737069882,
        "sunset": 1737109085,
        "weatherPicName": "晴",
        "sunshineDuration": 39203
    },
    {
        "datetime": 1737075915,
        "temp": 13.0,
        "weatherPic": "sunny",
        "sunrise": 1737069882,
        "sunset": 1737109085,
        "weatherPicName": "晴",
        "sunshineDuration": 39203
    },
    {
        "datetime": 1737086630,
        "temp": 19.0,
        "weatherPic": "sunny",
        "sunrise": 1737069882,
        "sunset": 1737109085,
        "weatherPicName": "晴",
        "sunshineDuration": 39203
    },
    {
        "datetime": 1737097431,
        "temp": 21.0,
        "weatherPic": "sunny",
        "sunrise": 1737069882,
        "sunset": 1737109085,
        "weatherPicName": "晴",
        "sunshineDuration": 39203
    },
    {
        "datetime": 1737108236,
        "temp": 20.0,
        "weatherPic": "sunny",
        "sunrise": 1737069882,
        "sunset": 1737109085,
        "weatherPicName": "晴",
        "sunshineDuration": 39203
    },
    {
        "datetime": 1737119113,
        "temp": 17.0,
        "weatherPic": "sunny",
        "sunrise": 1737069882,
        "sunset": 1737109085,
        "weatherPicName": "晴",
        "sunshineDuration": 39203
    }
]