[
    {
        "datetime": 1736697847,
        "temp": 12.0,
        "weatherPic": "sunny",
        "sunrise": 1736724283,
        "sunset": 1736763314,
        "weatherPicName": "晴",
        "sunshineDuration": 39031
    },
    {
        "datetime": 1736708648,
        "temp": 11.0,
        "weatherPic": "sunny",
        "sunrise": 1736724283,
        "sunset": 1736763314,
        "weatherPicName": "晴",
        "sunshineDuration": 39031
    },
    {
        "datetime": 1736719448,
        "temp": 9.0,
        "weatherPic": "sunny",
        "sunrise": 1736724283,
        "sunset": 1736763314,
        "weatherPicName": "晴",
        "sunshineDuration": 39031
    },
    {
        "datetime": 1736730308,
        "temp": 12.0,
        "weatherPic": "sunny",
        "sunrise": 1736724283,
        "sunset": 1736763314,
        "weatherPicName": "晴",
        "sunshineDuration": 39031
    },
    {
        "datetime": 1736741131,
        "temp": 18.0,
        "weatherPic": "sunny",
        "sunrise": 1736724283,
        "sunset": 1736763314,
        "weatherPicName": "晴",
        "sunshineDuration": 39031
    },
    {
        "datetime": 1736751859,
        "temp": 21.0,
        "weatherPic": "sunny",
        "sunrise": 1736724283,
        "sunset": 1736763314,
        "weatherPicName": "晴",
        "sunshineDuration": 39031
    },
    {
        "datetime": 1736762675,
        "temp": 19.0,
        "weatherPic": "sunny",
        "sunrise": 1736724283,
        "sunset": 1736763314,
        "weatherPicName": "晴",
        "sunshineDuration": 39031
    },
    {
        "datetime": 1736773458,
        "temp": 16.0,
        "weatherPic": "sunny",
        "sunrise": 1736724283,
        "sunset": 1736763314,
        "weatherPicName": "晴",
        "sunshineDuration": 39031
    }
]