[
    {
        "datetime": 1747411387,
        "temp": 25.0,
        "weatherPic": "cloudy",
        "sunrise": 1747432792,
        "sunset": 1747480579,
        "weatherPicName": "多云",
        "sunshineDuration": 47787
    },
    {
        "datetime": 1747422137,
        "temp": 25.0,
        "weatherPic": "cloudy",
        "sunrise": 1747432792,
        "sunset": 1747480579,
        "weatherPicName": "多云",
        "sunshineDuration": 47787
    },
    {
        "datetime": 1747432944,
        "temp": 24.0,
        "weatherPic": "cloudy",
        "sunrise": 1747432792,
        "sunset": 1747480579,
        "weatherPicName": "多云",
        "sunshineDuration": 47787
    },
    {
        "datetime": 1747443913,
        "temp": 26.0,
        "weatherPic": "cloudy",
        "sunrise": 1747432792,
        "sunset": 1747480579,
        "weatherPicName": "多云",
        "sunshineDuration": 47787
    },
    {
        "datetime": 1747454730,
        "temp": 30.0,
        "weatherPic": "cloudy",
        "sunrise": 1747432792,
        "sunset": 1747480579,
        "weatherPicName": "多云",
        "sunshineDuration": 47787
    },
    {
        "datetime": 1747465387,
        "temp": 30.0,
        "weatherPic": "rainy-s",
        "sunrise": 1747432792,
        "sunset": 1747480579,
        "weatherPicName": "大雨",
        "sunshineDuration": 47787
    },
    {
        "datetime": 1747476199,
        "temp": 28.0,
        "weatherPic": "rainy-s",
        "sunrise": 1747432792,
        "sunset": 1747480579,
        "weatherPicName": "大雨",
        "sunshineDuration": 47787
    },
    {
        "datetime": 1747487097,
        "temp": 26.0,
        "weatherPic": "cloudy",
        "sunrise": 1747432792,
        "sunset": 1747480579,
        "weatherPicName": "多云",
        "sunshineDuration": 47787
    }
]