[
    {
        "datetime": 1744041841,
        "temp": 24.0,
        "weatherPic": "cloudy",
        "sunrise": 1744064842,
        "sunset": 1744109953,
        "weatherPicName": "多云",
        "sunshineDuration": 45111
    },
    {
        "datetime": 1744052604,
        "temp": 22.0,
        "weatherPic": "cloudy",
        "sunrise": 1744064842,
        "sunset": 1744109953,
        "weatherPicName": "多云",
        "sunshineDuration": 45111
    },
    {
        "datetime": 1744063456,
        "temp": 22.0,
        "weatherPic": "cloudy",
        "sunrise": 1744064842,
        "sunset": 1744109953,
        "weatherPicName": "多云",
        "sunshineDuration": 45111
    },
    {
        "datetime": 1744074298,
        "temp": 23.0,
        "weatherPic": "cloudy",
        "sunrise": 1744064842,
        "sunset": 1744109953,
        "weatherPicName": "多云",
        "sunshineDuration": 45111
    },
    {
        "datetime": 1744085136,
        "temp": 25.0,
        "weatherPic": "cloudy",
        "sunrise": 1744064842,
        "sunset": 1744109953,
        "weatherPicName": "多云",
        "sunshineDuration": 45111
    },
    {
        "datetime": 1744095840,
        "temp": 29.0,
        "weatherPic": "cloudy",
        "sunrise": 1744064842,
        "sunset": 1744109953,
        "weatherPicName": "多云",
        "sunshineDuration": 45111
    },
    {
        "datetime": 1744106746,
        "temp": 29.0,
        "weatherPic": "cloudy",
        "sunrise": 1744064842,
        "sunset": 1744109953,
        "weatherPicName": "多云",
        "sunshineDuration": 45111
    },
    {
        "datetime": 1744117657,
        "temp": 27.0,
        "weatherPic": "cloudy",
        "sunrise": 1744064842,
        "sunset": 1744109953,
        "weatherPicName": "多云",
        "sunshineDuration": 45111
    }
]