[
    {
        "datetime": 1738684993,
        "temp": 15.0,
        "weatherPic": "cloudy",
        "sunrise": 1738711189,
        "sunset": 1738751481,
        "weatherPicName": "多云",
        "sunshineDuration": 40292
    },
    {
        "datetime": 1738695815,
        "temp": 13.0,
        "weatherPic": "cloudy",
        "sunrise": 1738711189,
        "sunset": 1738751481,
        "weatherPicName": "多云",
        "sunshineDuration": 40292
    },
    {
        "datetime": 1738706617,
        "temp": 13.0,
        "weatherPic": "cloudy",
        "sunrise": 1738711189,
        "sunset": 1738751481,
        "weatherPicName": "多云",
        "sunshineDuration": 40292
    },
    {
        "datetime": 1738717560,
        "temp": 13.0,
        "weatherPic": "cloudy",
        "sunrise": 1738711189,
        "sunset": 1738751481,
        "weatherPicName": "多云",
        "sunshineDuration": 40292
    },
    {
        "datetime": 1738728281,
        "temp": 14.0,
        "weatherPic": "cloudy",
        "sunrise": 1738711189,
        "sunset": 1738751481,
        "weatherPicName": "多云",
        "sunshineDuration": 40292
    },
    {
        "datetime": 1738739113,
        "temp": 14.0,
        "weatherPic": "cloudy",
        "sunrise": 1738711189,
        "sunset": 1738751481,
        "weatherPicName": "多云",
        "sunshineDuration": 40292
    },
    {
        "datetime": 1738749914,
        "temp": 14.0,
        "weatherPic": "cloudy",
        "sunrise": 1738711189,
        "sunset": 1738751481,
        "weatherPicName": "多云",
        "sunshineDuration": 40292
    },
    {
        "datetime": 1738760679,
        "temp": 14.0,
        "weatherPic": "cloudy",
        "sunrise": 1738711189,
        "sunset": 1738751481,
        "weatherPicName": "多云",
        "sunshineDuration": 40292
    }
]