[
    {
        "datetime": 1751385916,
        "temp": 26.0,
        "weatherPic": "cloudy",
        "sunrise": 1751407178,
        "sunset": 1751455874,
        "weatherPicName": "多云",
        "sunshineDuration": 48696
    },
    {
        "datetime": 1751396488,
        "temp": 25.0,
        "weatherPic": "cloudy",
        "sunrise": 1751407178,
        "sunset": 1751455874,
        "weatherPicName": "多云",
        "sunshineDuration": 48696
    },
    {
        "datetime": 1751407469,
        "temp": 25.0,
        "weatherPic": "cloudy",
        "sunrise": 1751407178,
        "sunset": 1751455874,
        "weatherPicName": "多云",
        "sunshineDuration": 48696
    },
    {
        "datetime": 1751418542,
        "temp": 27.0,
        "weatherPic": "cloudy",
        "sunrise": 1751407178,
        "sunset": 1751455874,
        "weatherPicName": "多云",
        "sunshineDuration": 48696
    },
    {
        "datetime": 1751429149,
        "temp": 30.0,
        "weatherPic": "cloudy",
        "sunrise": 1751407178,
        "sunset": 1751455874,
        "weatherPicName": "多云",
        "sunshineDuration": 48696
    },
    {
        "datetime": 1751450521,
        "temp": 29.0,
        "weatherPic": "rainy-s",
        "sunrise": 1751407178,
        "sunset": 1751455874,
        "weatherPicName": "大雨",
        "sunshineDuration": 48696
    }
]