[
    {
        "datetime": 1739462671,
        "temp": 19.0,
        "weatherPic": "cloudy",
        "sunrise": 1739488492,
        "sunset": 1739529414,
        "weatherPicName": "多云",
        "sunshineDuration": 40922
    },
    {
        "datetime": 1739473387,
        "temp": 18.0,
        "weatherPic": "cloudy",
        "sunrise": 1739488492,
        "sunset": 1739529414,
        "weatherPicName": "多云",
        "sunshineDuration": 40922
    },
    {
        "datetime": 1739484220,
        "temp": 16.0,
        "weatherPic": "cloudy",
        "sunrise": 1739488492,
        "sunset": 1739529414,
        "weatherPicName": "多云",
        "sunshineDuration": 40922
    },
    {
        "datetime": 1739495084,
        "temp": 16.0,
        "weatherPic": "cloudy",
        "sunrise": 1739488492,
        "sunset": 1739529414,
        "weatherPicName": "多云",
        "sunshineDuration": 40922
    },
    {
        "datetime": 1739505863,
        "temp": 20.0,
        "weatherPic": "cloudy",
        "sunrise": 1739488492,
        "sunset": 1739529414,
        "weatherPicName": "多云",
        "sunshineDuration": 40922
    },
    {
        "datetime": 1739516637,
        "temp": 23.0,
        "weatherPic": "cloudy",
        "sunrise": 1739488492,
        "sunset": 1739529414,
        "weatherPicName": "多云",
        "sunshineDuration": 40922
    },
    {
        "datetime": 1739527434,
        "temp": 24.0,
        "weatherPic": "cloudy",
        "sunrise": 1739488492,
        "sunset": 1739529414,
        "weatherPicName": "多云",
        "sunshineDuration": 40922
    },
    {
        "datetime": 1739538245,
        "temp": 22.0,
        "weatherPic": "cloudy",
        "sunrise": 1739488492,
        "sunset": 1739529414,
        "weatherPicName": "多云",
        "sunshineDuration": 40922
    }
]