[
    {
        "datetime": 1741747226,
        "temp": 24.0,
        "weatherPic": "cloudy",
        "sunrise": 1741733618,
        "sunset": 1741776562,
        "weatherPicName": "多云",
        "sunshineDuration": 42944
    },
    {
        "datetime": 1741763025,
        "temp": 28.0,
        "weatherPic": "cloudy",
        "sunrise": 1741733618,
        "sunset": 1741776562,
        "weatherPicName": "多云",
        "sunshineDuration": 42944
    },
    {
        "datetime": 1741773878,
        "temp": 28.0,
        "weatherPic": "cloudy",
        "sunrise": 1741733618,
        "sunset": 1741776562,
        "weatherPicName": "多云",
        "sunshineDuration": 42944
    },
    {
        "datetime": 1741784683,
        "temp": 25.0,
        "weatherPic": "cloudy",
        "sunrise": 1741733618,
        "sunset": 1741776562,
        "weatherPicName": "多云",
        "sunshineDuration": 42944
    }
]