[
    {
        "datetime": 1744301020,
        "temp": 25.0,
        "weatherPic": "cloudy",
        "sunrise": 1744323876,
        "sunset": 1744369220,
        "weatherPicName": "多云",
        "sunshineDuration": 45344
    },
    {
        "datetime": 1744311878,
        "temp": 24.0,
        "weatherPic": "cloudy",
        "sunrise": 1744323876,
        "sunset": 1744369220,
        "weatherPicName": "多云",
        "sunshineDuration": 45344
    },
    {
        "datetime": 1744322590,
        "temp": 23.0,
        "weatherPic": "cloudy",
        "sunrise": 1744323876,
        "sunset": 1744369220,
        "weatherPicName": "多云",
        "sunshineDuration": 45344
    },
    {
        "datetime": 1744333486,
        "temp": 26.0,
        "weatherPic": "cloudy",
        "sunrise": 1744323876,
        "sunset": 1744369220,
        "weatherPicName": "多云",
        "sunshineDuration": 45344
    },
    {
        "datetime": 1744344222,
        "temp": 30.0,
        "weatherPic": "cloudy",
        "sunrise": 1744323876,
        "sunset": 1744369220,
        "weatherPicName": "多云",
        "sunshineDuration": 45344
    },
    {
        "datetime": 1744355083,
        "temp": 32.0,
        "weatherPic": "cloudy",
        "sunrise": 1744323876,
        "sunset": 1744369220,
        "weatherPicName": "多云",
        "sunshineDuration": 45344
    },
    {
        "datetime": 1744365881,
        "temp": 31.0,
        "weatherPic": "cloudy",
        "sunrise": 1744323876,
        "sunset": 1744369220,
        "weatherPicName": "多云",
        "sunshineDuration": 45344
    },
    {
        "datetime": 1744376801,
        "temp": 27.0,
        "weatherPic": "cloudy",
        "sunrise": 1744323876,
        "sunset": 1744369220,
        "weatherPicName": "多云",
        "sunshineDuration": 45344
    }
]