[
    {
        "datetime": 1741190624,
        "temp": 12.0,
        "weatherPic": "cloudy",
        "sunrise": 1741215553,
        "sunset": 1741258015,
        "weatherPicName": "多云",
        "sunshineDuration": 42462
    },
    {
        "datetime": 1741201360,
        "temp": 10.0,
        "weatherPic": "cloudy",
        "sunrise": 1741215553,
        "sunset": 1741258015,
        "weatherPicName": "多云",
        "sunshineDuration": 42462
    },
    {
        "datetime": 1741212134,
        "temp": 9.0,
        "weatherPic": "cloudy",
        "sunrise": 1741215553,
        "sunset": 1741258015,
        "weatherPicName": "多云",
        "sunshineDuration": 42462
    },
    {
        "datetime": 1741223077,
        "temp": 9.0,
        "weatherPic": "cloudy",
        "sunrise": 1741215553,
        "sunset": 1741258015,
        "weatherPicName": "多云",
        "sunshineDuration": 42462
    },
    {
        "datetime": 1741233782,
        "temp": 9.0,
        "weatherPic": "cloudy",
        "sunrise": 1741215553,
        "sunset": 1741258015,
        "weatherPicName": "多云",
        "sunshineDuration": 42462
    },
    {
        "datetime": 1741244585,
        "temp": 10.0,
        "weatherPic": "rainy-s",
        "sunrise": 1741215553,
        "sunset": 1741258015,
        "weatherPicName": "大雨",
        "sunshineDuration": 42462
    },
    {
        "datetime": 1741255497,
        "temp": 14.0,
        "weatherPic": "cloudy",
        "sunrise": 1741215553,
        "sunset": 1741258015,
        "weatherPicName": "多云",
        "sunshineDuration": 42462
    },
    {
        "datetime": 1741266306,
        "temp": 13.0,
        "weatherPic": "cloudy",
        "sunrise": 1741215553,
        "sunset": 1741258015,
        "weatherPicName": "多云",
        "sunshineDuration": 42462
    }
]