[
    {
        "datetime": 1752768089,
        "temp": 28.0,
        "weatherPic": "cloudy",
        "sunrise": 1752789954,
        "sunset": 1752838158,
        "weatherPicName": "多云",
        "sunshineDuration": 48204
    },
    {
        "datetime": 1752778821,
        "temp": 27.0,
        "weatherPic": "cloudy",
        "sunrise": 1752789954,
        "sunset": 1752838158,
        "weatherPicName": "多云",
        "sunshineDuration": 48204
    },
    {
        "datetime": 1752789619,
        "temp": 27.0,
        "weatherPic": "cloudy",
        "sunrise": 1752789954,
        "sunset": 1752838158,
        "weatherPicName": "多云",
        "sunshineDuration": 48204
    },
    {
        "datetime": 1752800710,
        "temp": 30.0,
        "weatherPic": "cloudy",
        "sunrise": 1752789954,
        "sunset": 1752838158,
        "weatherPicName": "多云",
        "sunshineDuration": 48204
    },
    {
        "datetime": 1752811471,
        "temp": 33.0,
        "weatherPic": "cloudy",
        "sunrise": 1752789954,
        "sunset": 1752838158,
        "weatherPicName": "多云",
        "sunshineDuration": 48204
    },
    {
        "datetime": 1752822050,
        "temp": 36.0,
        "weatherPic": "cloudy",
        "sunrise": 1752789954,
        "sunset": 1752838158,
        "weatherPicName": "多云",
        "sunshineDuration": 48204
    },
    {
        "datetime": 1752833064,
        "temp": 35.0,
        "weatherPic": "cloudy",
        "sunrise": 1752789954,
        "sunset": 1752838158,
        "weatherPicName": "多云",
        "sunshineDuration": 48204
    },
    {
        "datetime": 1752843921,
        "temp": 31.0,
        "weatherPic": "cloudy",
        "sunrise": 1752789954,
        "sunset": 1752838158,
        "weatherPicName": "多云",
        "sunshineDuration": 48204
    }
]