[
    {
        "datetime": 1749571387,
        "temp": 25.0,
        "weatherPic": "cloudy",
        "sunrise": 1749592526,
        "sunset": 1749641230,
        "weatherPicName": "多云",
        "sunshineDuration": 48704
    },
    {
        "datetime": 1749582294,
        "temp": 25.0,
        "weatherPic": "cloudy",
        "sunrise": 1749592526,
        "sunset": 1749641230,
        "weatherPicName": "多云",
        "sunshineDuration": 48704
    },
    {
        "datetime": 1749593032,
        "temp": 25.0,
        "weatherPic": "rainy-s",
        "sunrise": 1749592526,
        "sunset": 1749641230,
        "weatherPicName": "大雨",
        "sunshineDuration": 48704
    },
    {
        "datetime": 1749614935,
        "temp": 31.0,
        "weatherPic": "cloudy",
        "sunrise": 1749592526,
        "sunset": 1749641230,
        "weatherPicName": "多云",
        "sunshineDuration": 48704
    },
    {
        "datetime": 1749625583,
        "temp": 32.0,
        "weatherPic": "rainy-s",
        "sunrise": 1749592526,
        "sunset": 1749641230,
        "weatherPicName": "大雨",
        "sunshineDuration": 48704
    },
    {
        "datetime": 1749636086,
        "temp": 30.0,
        "weatherPic": "rainy-s",
        "sunrise": 1749592526,
        "sunset": 1749641230,
        "weatherPicName": "大雨",
        "sunshineDuration": 48704
    },
    {
        "datetime": 1749647096,
        "temp": 27.0,
        "weatherPic": "cloudy",
        "sunrise": 1749592526,
        "sunset": 1749641230,
        "weatherPicName": "多云",
        "sunshineDuration": 48704
    }
]