[
    {
        "datetime": 1750273439,
        "temp": 26.0,
        "weatherPic": "cloudy",
        "sunrise": 1750283778,
        "sunset": 1750332569,
        "weatherPicName": "多云",
        "sunshineDuration": 48791
    },
    {
        "datetime": 1750284051,
        "temp": 25.0,
        "weatherPic": "cloudy",
        "sunrise": 1750283778,
        "sunset": 1750332569,
        "weatherPicName": "多云",
        "sunshineDuration": 48791
    },
    {
        "datetime": 1750295044,
        "temp": 25.0,
        "weatherPic": "cloudy",
        "sunrise": 1750283778,
        "sunset": 1750332569,
        "weatherPicName": "多云",
        "sunshineDuration": 48791
    },
    {
        "datetime": 1750305825,
        "temp": 29.0,
        "weatherPic": "cloudy",
        "sunrise": 1750283778,
        "sunset": 1750332569,
        "weatherPicName": "多云",
        "sunshineDuration": 48791
    },
    {
        "datetime": 1750316768,
        "temp": 26.0,
        "weatherPic": "cloudy",
        "sunrise": 1750283778,
        "sunset": 1750332569,
        "weatherPicName": "多云",
        "sunshineDuration": 48791
    },
    {
        "datetime": 1750327567,
        "temp": 29.0,
        "weatherPic": "rainy-s",
        "sunrise": 1750283778,
        "sunset": 1750332569,
        "weatherPicName": "大雨",
        "sunshineDuration": 48791
    },
    {
        "datetime": 1750338333,
        "temp": 26.0,
        "weatherPic": "cloudy",
        "sunrise": 1750283778,
        "sunset": 1750332569,
        "weatherPicName": "多云",
        "sunshineDuration": 48791
    }
]