[
    {
        "datetime": 1743869040,
        "temp": 22.0,
        "weatherPic": "cloudy",
        "sunrise": 1743892155,
        "sunset": 1743937109,
        "weatherPicName": "多云",
        "sunshineDuration": 44954
    },
    {
        "datetime": 1743879821,
        "temp": 22.0,
        "weatherPic": "cloudy",
        "sunrise": 1743892155,
        "sunset": 1743937109,
        "weatherPicName": "多云",
        "sunshineDuration": 44954
    },
    {
        "datetime": 1743890674,
        "temp": 21.0,
        "weatherPic": "rainy-s",
        "sunrise": 1743892155,
        "sunset": 1743937109,
        "weatherPicName": "大雨",
        "sunshineDuration": 44954
    },
    {
        "datetime": 1743901440,
        "temp": 21.0,
        "weatherPic": "rainy-s",
        "sunrise": 1743892155,
        "sunset": 1743937109,
        "weatherPicName": "大雨",
        "sunshineDuration": 44954
    },
    {
        "datetime": 1743912271,
        "temp": 21.0,
        "weatherPic": "cloudy",
        "sunrise": 1743892155,
        "sunset": 1743937109,
        "weatherPicName": "多云",
        "sunshineDuration": 44954
    },
    {
        "datetime": 1743923069,
        "temp": 24.0,
        "weatherPic": "cloudy",
        "sunrise": 1743892155,
        "sunset": 1743937109,
        "weatherPicName": "多云",
        "sunshineDuration": 44954
    },
    {
        "datetime": 1743933893,
        "temp": 23.0,
        "weatherPic": "cloudy",
        "sunrise": 1743892155,
        "sunset": 1743937109,
        "weatherPicName": "多云",
        "sunshineDuration": 44954
    },
    {
        "datetime": 1743944649,
        "temp": 22.0,
        "weatherPic": "cloudy",
        "sunrise": 1743892155,
        "sunset": 1743937109,
        "weatherPicName": "多云",
        "sunshineDuration": 44954
    }
]