[
    {
        "datetime": 1749484960,
        "temp": 27.0,
        "weatherPic": "cloudy",
        "sunrise": 1749506124,
        "sunset": 1749554809,
        "weatherPicName": "多云",
        "sunshineDuration": 48685
    },
    {
        "datetime": 1749495851,
        "temp": 26.0,
        "weatherPic": "cloudy",
        "sunrise": 1749506124,
        "sunset": 1749554809,
        "weatherPicName": "多云",
        "sunshineDuration": 48685
    },
    {
        "datetime": 1749506685,
        "temp": 26.0,
        "weatherPic": "cloudy",
        "sunrise": 1749506124,
        "sunset": 1749554809,
        "weatherPicName": "多云",
        "sunshineDuration": 48685
    },
    {
        "datetime": 1749517379,
        "temp": 28.0,
        "weatherPic": "cloudy",
        "sunrise": 1749506124,
        "sunset": 1749554809,
        "weatherPicName": "多云",
        "sunshineDuration": 48685
    },
    {
        "datetime": 1749528119,
        "temp": 30.0,
        "weatherPic": "rainy-s",
        "sunrise": 1749506124,
        "sunset": 1749554809,
        "weatherPicName": "大雨",
        "sunshineDuration": 48685
    },
    {
        "datetime": 1749538860,
        "temp": 28.0,
        "weatherPic": "cloudy",
        "sunrise": 1749506124,
        "sunset": 1749554809,
        "weatherPicName": "多云",
        "sunshineDuration": 48685
    },
    {
        "datetime": 1749549858,
        "temp": 27.0,
        "weatherPic": "cloudy",
        "sunrise": 1749506124,
        "sunset": 1749554809,
        "weatherPicName": "多云",
        "sunshineDuration": 48685
    },
    {
        "datetime": 1749560683,
        "temp": 26.0,
        "weatherPic": "cloudy",
        "sunrise": 1749506124,
        "sunset": 1749554809,
        "weatherPicName": "多云",
        "sunshineDuration": 48685
    }
]