[
    {
        "datetime": 1744128258,
        "temp": 26.0,
        "weatherPic": "cloudy",
        "sunrise": 1744151186,
        "sunset": 1744196375,
        "weatherPicName": "多云",
        "sunshineDuration": 45189
    },
    {
        "datetime": 1744139001,
        "temp": 23.0,
        "weatherPic": "cloudy",
        "sunrise": 1744151186,
        "sunset": 1744196375,
        "weatherPicName": "多云",
        "sunshineDuration": 45189
    },
    {
        "datetime": 1744149850,
        "temp": 23.0,
        "weatherPic": "cloudy",
        "sunrise": 1744151186,
        "sunset": 1744196375,
        "weatherPicName": "多云",
        "sunshineDuration": 45189
    },
    {
        "datetime": 1744160632,
        "temp": 24.0,
        "weatherPic": "cloudy",
        "sunrise": 1744151186,
        "sunset": 1744196375,
        "weatherPicName": "多云",
        "sunshineDuration": 45189
    },
    {
        "datetime": 1744171490,
        "temp": 29.0,
        "weatherPic": "cloudy",
        "sunrise": 1744151186,
        "sunset": 1744196375,
        "weatherPicName": "多云",
        "sunshineDuration": 45189
    },
    {
        "datetime": 1744182321,
        "temp": 30.0,
        "weatherPic": "cloudy",
        "sunrise": 1744151186,
        "sunset": 1744196375,
        "weatherPicName": "多云",
        "sunshineDuration": 45189
    },
    {
        "datetime": 1744193038,
        "temp": 30.0,
        "weatherPic": "cloudy",
        "sunrise": 1744151186,
        "sunset": 1744196375,
        "weatherPicName": "多云",
        "sunshineDuration": 45189
    },
    {
        "datetime": 1744203895,
        "temp": 27.0,
        "weatherPic": "cloudy",
        "sunrise": 1744151186,
        "sunset": 1744196375,
        "weatherPicName": "多云",
        "sunshineDuration": 45189
    }
]