[
    {
        "datetime": 1747497904,
        "temp": 25.0,
        "weatherPic": "cloudy",
        "sunrise": 1747519168,
        "sunset": 1747567008,
        "weatherPicName": "多云",
        "sunshineDuration": 47840
    },
    {
        "datetime": 1747508673,
        "temp": 25.0,
        "weatherPic": "cloudy",
        "sunrise": 1747519168,
        "sunset": 1747567008,
        "weatherPicName": "多云",
        "sunshineDuration": 47840
    },
    {
        "datetime": 1747519416,
        "temp": 24.0,
        "weatherPic": "rainy-s",
        "sunrise": 1747519168,
        "sunset": 1747567008,
        "weatherPicName": "大雨",
        "sunshineDuration": 47840
    },
    {
        "datetime": 1747530202,
        "temp": 26.0,
        "weatherPic": "cloudy",
        "sunrise": 1747519168,
        "sunset": 1747567008,
        "weatherPicName": "多云",
        "sunshineDuration": 47840
    },
    {
        "datetime": 1747541067,
        "temp": 27.0,
        "weatherPic": "cloudy",
        "sunrise": 1747519168,
        "sunset": 1747567008,
        "weatherPicName": "多云",
        "sunshineDuration": 47840
    },
    {
        "datetime": 1747551821,
        "temp": 28.0,
        "weatherPic": "rainy-s",
        "sunrise": 1747519168,
        "sunset": 1747567008,
        "weatherPicName": "大雨",
        "sunshineDuration": 47840
    },
    {
        "datetime": 1747562695,
        "temp": 26.0,
        "weatherPic": "rainy-s",
        "sunrise": 1747519168,
        "sunset": 1747567008,
        "weatherPicName": "大雨",
        "sunshineDuration": 47840
    },
    {
        "datetime": 1747573330,
        "temp": 25.0,
        "weatherPic": "cloudy",
        "sunrise": 1747519168,
        "sunset": 1747567008,
        "weatherPicName": "多云",
        "sunshineDuration": 47840
    }
]