[
    {
        "datetime": 1752249717,
        "temp": 26.0,
        "weatherPic": "cloudy",
        "sunrise": 1752271402,
        "sunset": 1752319835,
        "weatherPicName": "多云",
        "sunshineDuration": 48433
    },
    {
        "datetime": 1752260649,
        "temp": 26.0,
        "weatherPic": "cloudy",
        "sunrise": 1752271402,
        "sunset": 1752319835,
        "weatherPicName": "多云",
        "sunshineDuration": 48433
    },
    {
        "datetime": 1752271221,
        "temp": 26.0,
        "weatherPic": "cloudy",
        "sunrise": 1752271402,
        "sunset": 1752319835,
        "weatherPicName": "多云",
        "sunshineDuration": 48433
    },
    {
        "datetime": 1752282025,
        "temp": 28.0,
        "weatherPic": "cloudy",
        "sunrise": 1752271402,
        "sunset": 1752319835,
        "weatherPicName": "多云",
        "sunshineDuration": 48433
    },
    {
        "datetime": 1752293113,
        "temp": 31.0,
        "weatherPic": "cloudy",
        "sunrise": 1752271402,
        "sunset": 1752319835,
        "weatherPicName": "多云",
        "sunshineDuration": 48433
    },
    {
        "datetime": 1752303866,
        "temp": 32.0,
        "weatherPic": "cloudy",
        "sunrise": 1752271402,
        "sunset": 1752319835,
        "weatherPicName": "多云",
        "sunshineDuration": 48433
    },
    {
        "datetime": 1752314738,
        "temp": 30.0,
        "weatherPic": "cloudy",
        "sunrise": 1752271402,
        "sunset": 1752319835,
        "weatherPicName": "多云",
        "sunshineDuration": 48433
    },
    {
        "datetime": 1752325307,
        "temp": 27.0,
        "weatherPic": "cloudy",
        "sunrise": 1752271402,
        "sunset": 1752319835,
        "weatherPicName": "多云",
        "sunshineDuration": 48433
    }
]