[
    {
        "datetime": 1751990734,
        "temp": 27.0,
        "weatherPic": "cloudy",
        "sunrise": 1752012130,
        "sunset": 1752060659,
        "weatherPicName": "多云",
        "sunshineDuration": 48529
    },
    {
        "datetime": 1752001242,
        "temp": 26.0,
        "weatherPic": "sunny",
        "sunrise": 1752012130,
        "sunset": 1752060659,
        "weatherPicName": "晴",
        "sunshineDuration": 48529
    },
    {
        "datetime": 1752012023,
        "temp": 26.0,
        "weatherPic": "cloudy",
        "sunrise": 1752012130,
        "sunset": 1752060659,
        "weatherPicName": "多云",
        "sunshineDuration": 48529
    },
    {
        "datetime": 1752023151,
        "temp": 29.0,
        "weatherPic": "cloudy",
        "sunrise": 1752012130,
        "sunset": 1752060659,
        "weatherPicName": "多云",
        "sunshineDuration": 48529
    },
    {
        "datetime": 1752033910,
        "temp": 33.0,
        "weatherPic": "cloudy",
        "sunrise": 1752012130,
        "sunset": 1752060659,
        "weatherPicName": "多云",
        "sunshineDuration": 48529
    },
    {
        "datetime": 1752044625,
        "temp": 35.0,
        "weatherPic": "cloudy",
        "sunrise": 1752012130,
        "sunset": 1752060659,
        "weatherPicName": "多云",
        "sunshineDuration": 48529
    },
    {
        "datetime": 1752055511,
        "temp": 31.0,
        "weatherPic": "cloudy",
        "sunrise": 1752012130,
        "sunset": 1752060659,
        "weatherPicName": "多云",
        "sunshineDuration": 48529
    },
    {
        "datetime": 1752066377,
        "temp": 30.0,
        "weatherPic": "cloudy",
        "sunrise": 1752012130,
        "sunset": 1752060659,
        "weatherPicName": "多云",
        "sunshineDuration": 48529
    }
]