[
    {
        "datetime": 1745424267,
        "temp": 23.0,
        "weatherPic": "cloudy",
        "sunrise": 1745446416,
        "sunset": 1745492736,
        "weatherPicName": "多云",
        "sunshineDuration": 46320
    },
    {
        "datetime": 1745435035,
        "temp": 23.0,
        "weatherPic": "cloudy",
        "sunrise": 1745446416,
        "sunset": 1745492736,
        "weatherPicName": "多云",
        "sunshineDuration": 46320
    },
    {
        "datetime": 1745445844,
        "temp": 23.0,
        "weatherPic": "cloudy",
        "sunrise": 1745446416,
        "sunset": 1745492736,
        "weatherPicName": "多云",
        "sunshineDuration": 46320
    },
    {
        "datetime": 1745456640,
        "temp": 23.0,
        "weatherPic": "cloudy",
        "sunrise": 1745446416,
        "sunset": 1745492736,
        "weatherPicName": "多云",
        "sunshineDuration": 46320
    },
    {
        "datetime": 1745467475,
        "temp": 27.0,
        "weatherPic": "cloudy",
        "sunrise": 1745446416,
        "sunset": 1745492736,
        "weatherPicName": "多云",
        "sunshineDuration": 46320
    },
    {
        "datetime": 1745478347,
        "temp": 27.0,
        "weatherPic": "cloudy",
        "sunrise": 1745446416,
        "sunset": 1745492736,
        "weatherPicName": "多云",
        "sunshineDuration": 46320
    },
    {
        "datetime": 1745489003,
        "temp": 26.0,
        "weatherPic": "cloudy",
        "sunrise": 1745446416,
        "sunset": 1745492736,
        "weatherPicName": "多云",
        "sunshineDuration": 46320
    },
    {
        "datetime": 1745499945,
        "temp": 23.0,
        "weatherPic": "sunny",
        "sunrise": 1745446416,
        "sunset": 1745492736,
        "weatherPicName": "晴",
        "sunshineDuration": 46320
    }
]