[
    {
        "datetime": 1745510626,
        "temp": 22.0,
        "weatherPic": "sunny",
        "sunrise": 1745532770,
        "sunset": 1745579162,
        "weatherPicName": "晴",
        "sunshineDuration": 46392
    },
    {
        "datetime": 1745521466,
        "temp": 22.0,
        "weatherPic": "cloudy",
        "sunrise": 1745532770,
        "sunset": 1745579162,
        "weatherPicName": "多云",
        "sunshineDuration": 46392
    },
    {
        "datetime": 1745532200,
        "temp": 21.0,
        "weatherPic": "cloudy",
        "sunrise": 1745532770,
        "sunset": 1745579162,
        "weatherPicName": "多云",
        "sunshineDuration": 46392
    },
    {
        "datetime": 1745543057,
        "temp": 23.0,
        "weatherPic": "cloudy",
        "sunrise": 1745532770,
        "sunset": 1745579162,
        "weatherPicName": "多云",
        "sunshineDuration": 46392
    },
    {
        "datetime": 1745553957,
        "temp": 26.0,
        "weatherPic": "cloudy",
        "sunrise": 1745532770,
        "sunset": 1745579162,
        "weatherPicName": "多云",
        "sunshineDuration": 46392
    },
    {
        "datetime": 1745564679,
        "temp": 26.0,
        "weatherPic": "cloudy",
        "sunrise": 1745532770,
        "sunset": 1745579162,
        "weatherPicName": "多云",
        "sunshineDuration": 46392
    },
    {
        "datetime": 1745575496,
        "temp": 24.0,
        "weatherPic": "cloudy",
        "sunrise": 1745532770,
        "sunset": 1745579162,
        "weatherPicName": "多云",
        "sunshineDuration": 46392
    }
]