[
    {
        "datetime": 1737561864,
        "temp": 20.0,
        "weatherPic": "cloudy",
        "sunrise": 1737588241,
        "sunset": 1737627744,
        "weatherPicName": "多云",
        "sunshineDuration": 39503
    },
    {
        "datetime": 1737572656,
        "temp": 19.0,
        "weatherPic": "cloudy",
        "sunrise": 1737588241,
        "sunset": 1737627744,
        "weatherPicName": "多云",
        "sunshineDuration": 39503
    },
    {
        "datetime": 1737583470,
        "temp": 20.0,
        "weatherPic": "cloudy",
        "sunrise": 1737588241,
        "sunset": 1737627744,
        "weatherPicName": "多云",
        "sunshineDuration": 39503
    },
    {
        "datetime": 1737594292,
        "temp": 20.0,
        "weatherPic": "cloudy",
        "sunrise": 1737588241,
        "sunset": 1737627744,
        "weatherPicName": "多云",
        "sunshineDuration": 39503
    },
    {
        "datetime": 1737605049,
        "temp": 23.0,
        "weatherPic": "cloudy",
        "sunrise": 1737588241,
        "sunset": 1737627744,
        "weatherPicName": "多云",
        "sunshineDuration": 39503
    },
    {
        "datetime": 1737615835,
        "temp": 24.0,
        "weatherPic": "cloudy",
        "sunrise": 1737588241,
        "sunset": 1737627744,
        "weatherPicName": "多云",
        "sunshineDuration": 39503
    },
    {
        "datetime": 1737626636,
        "temp": 23.0,
        "weatherPic": "cloudy",
        "sunrise": 1737588241,
        "sunset": 1737627744,
        "weatherPicName": "多云",
        "sunshineDuration": 39503
    },
    {
        "datetime": 1737637467,
        "temp": 22.0,
        "weatherPic": "cloudy",
        "sunrise": 1737588241,
        "sunset": 1737627744,
        "weatherPicName": "多云",
        "sunshineDuration": 39503
    }
]