[
    {
        "datetime": 1738425856,
        "temp": 17.0,
        "weatherPic": "cloudy",
        "sunrise": 1738452066,
        "sunset": 1738492161,
        "weatherPicName": "多云",
        "sunshineDuration": 40095
    },
    {
        "datetime": 1738436624,
        "temp": 16.0,
        "weatherPic": "cloudy",
        "sunrise": 1738452066,
        "sunset": 1738492161,
        "weatherPicName": "多云",
        "sunshineDuration": 40095
    },
    {
        "datetime": 1738447369,
        "temp": 14.0,
        "weatherPic": "cloudy",
        "sunrise": 1738452066,
        "sunset": 1738492161,
        "weatherPicName": "多云",
        "sunshineDuration": 40095
    },
    {
        "datetime": 1738458279,
        "temp": 15.0,
        "weatherPic": "cloudy",
        "sunrise": 1738452066,
        "sunset": 1738492161,
        "weatherPicName": "多云",
        "sunshineDuration": 40095
    },
    {
        "datetime": 1738469077,
        "temp": 16.0,
        "weatherPic": "cloudy",
        "sunrise": 1738452066,
        "sunset": 1738492161,
        "weatherPicName": "多云",
        "sunshineDuration": 40095
    },
    {
        "datetime": 1738479843,
        "temp": 16.0,
        "weatherPic": "cloudy",
        "sunrise": 1738452066,
        "sunset": 1738492161,
        "weatherPicName": "多云",
        "sunshineDuration": 40095
    },
    {
        "datetime": 1738490624,
        "temp": 14.0,
        "weatherPic": "cloudy",
        "sunrise": 1738452066,
        "sunset": 1738492161,
        "weatherPicName": "多云",
        "sunshineDuration": 40095
    },
    {
        "datetime": 1738501487,
        "temp": 13.0,
        "weatherPic": "cloudy",
        "sunrise": 1738452066,
        "sunset": 1738492161,
        "weatherPicName": "多云",
        "sunshineDuration": 40095
    }
]