[
    {
        "datetime": 1736784269,
        "temp": 15.0,
        "weatherPic": "sunny",
        "sunrise": 1736810685,
        "sunset": 1736849756,
        "weatherPicName": "晴",
        "sunshineDuration": 39071
    },
    {
        "datetime": 1736795063,
        "temp": 14.0,
        "weatherPic": "cloudy",
        "sunrise": 1736810685,
        "sunset": 1736849756,
        "weatherPicName": "多云",
        "sunshineDuration": 39071
    },
    {
        "datetime": 1736805870,
        "temp": 15.0,
        "weatherPic": "cloudy",
        "sunrise": 1736810685,
        "sunset": 1736849756,
        "weatherPicName": "多云",
        "sunshineDuration": 39071
    },
    {
        "datetime": 1736816738,
        "temp": 16.0,
        "weatherPic": "cloudy",
        "sunrise": 1736810685,
        "sunset": 1736849756,
        "weatherPicName": "多云",
        "sunshineDuration": 39071
    },
    {
        "datetime": 1736827481,
        "temp": 16.0,
        "weatherPic": "cloudy",
        "sunrise": 1736810685,
        "sunset": 1736849756,
        "weatherPicName": "多云",
        "sunshineDuration": 39071
    },
    {
        "datetime": 1736838351,
        "temp": 16.0,
        "weatherPic": "cloudy",
        "sunrise": 1736810685,
        "sunset": 1736849756,
        "weatherPicName": "多云",
        "sunshineDuration": 39071
    },
    {
        "datetime": 1736849313,
        "temp": 16.0,
        "weatherPic": "cloudy",
        "sunrise": 1736810685,
        "sunset": 1736849756,
        "weatherPicName": "多云",
        "sunshineDuration": 39071
    },
    {
        "datetime": 1736859894,
        "temp": 16.0,
        "weatherPic": "cloudy",
        "sunrise": 1736810685,
        "sunset": 1736849756,
        "weatherPicName": "多云",
        "sunshineDuration": 39071
    }
]