[
    {
        "datetime": 1749744359,
        "temp": 26.0,
        "weatherPic": "cloudy",
        "sunrise": 1749765333,
        "sunset": 1749814069,
        "weatherPicName": "多云",
        "sunshineDuration": 48736
    },
    {
        "datetime": 1749754888,
        "temp": 25.0,
        "weatherPic": "cloudy",
        "sunrise": 1749765333,
        "sunset": 1749814069,
        "weatherPicName": "多云",
        "sunshineDuration": 48736
    },
    {
        "datetime": 1749765678,
        "temp": 25.0,
        "weatherPic": "cloudy",
        "sunrise": 1749765333,
        "sunset": 1749814069,
        "weatherPicName": "多云",
        "sunshineDuration": 48736
    },
    {
        "datetime": 1749776638,
        "temp": 27.0,
        "weatherPic": "cloudy",
        "sunrise": 1749765333,
        "sunset": 1749814069,
        "weatherPicName": "多云",
        "sunshineDuration": 48736
    },
    {
        "datetime": 1749787526,
        "temp": 30.0,
        "weatherPic": "cloudy",
        "sunrise": 1749765333,
        "sunset": 1749814069,
        "weatherPicName": "多云",
        "sunshineDuration": 48736
    },
    {
        "datetime": 1749798173,
        "temp": 31.0,
        "weatherPic": "rainy-s",
        "sunrise": 1749765333,
        "sunset": 1749814069,
        "weatherPicName": "大雨",
        "sunshineDuration": 48736
    },
    {
        "datetime": 1749808963,
        "temp": 27.0,
        "weatherPic": "rainy-s",
        "sunrise": 1749765333,
        "sunset": 1749814069,
        "weatherPicName": "大雨",
        "sunshineDuration": 48736
    },
    {
        "datetime": 1749820043,
        "temp": 27.0,
        "weatherPic": "rainy-s",
        "sunrise": 1749765333,
        "sunset": 1749814069,
        "weatherPicName": "大雨",
        "sunshineDuration": 48736
    }
]