[
    {
        "datetime": 1751558577,
        "temp": 27.0,
        "weatherPic": "cloudy",
        "sunrise": 1751580019,
        "sunset": 1751628675,
        "weatherPicName": "多云",
        "sunshineDuration": 48656
    },
    {
        "datetime": 1751569248,
        "temp": 26.0,
        "weatherPic": "cloudy",
        "sunrise": 1751580019,
        "sunset": 1751628675,
        "weatherPicName": "多云",
        "sunshineDuration": 48656
    },
    {
        "datetime": 1751580051,
        "temp": 25.0,
        "weatherPic": "cloudy",
        "sunrise": 1751580019,
        "sunset": 1751628675,
        "weatherPicName": "多云",
        "sunshineDuration": 48656
    },
    {
        "datetime": 1751591153,
        "temp": 29.0,
        "weatherPic": "rainy-s",
        "sunrise": 1751580019,
        "sunset": 1751628675,
        "weatherPicName": "大雨",
        "sunshineDuration": 48656
    },
    {
        "datetime": 1751601689,
        "temp": 33.0,
        "weatherPic": "cloudy",
        "sunrise": 1751580019,
        "sunset": 1751628675,
        "weatherPicName": "多云",
        "sunshineDuration": 48656
    },
    {
        "datetime": 1751612518,
        "temp": 34.0,
        "weatherPic": "cloudy",
        "sunrise": 1751580019,
        "sunset": 1751628675,
        "weatherPicName": "多云",
        "sunshineDuration": 48656
    },
    {
        "datetime": 1751623546,
        "temp": 33.0,
        "weatherPic": "cloudy",
        "sunrise": 1751580019,
        "sunset": 1751628675,
        "weatherPicName": "多云",
        "sunshineDuration": 48656
    },
    {
        "datetime": 1751634328,
        "temp": 28.0,
        "weatherPic": "cloudy",
        "sunrise": 1751580019,
        "sunset": 1751628675,
        "weatherPicName": "多云",
        "sunshineDuration": 48656
    }
]