[
    {
        "datetime": 1746547438,
        "temp": 26.0,
        "weatherPic": "rainy-s",
        "sunrise": 1746569087,
        "sunset": 1746616290,
        "weatherPicName": "大雨",
        "sunshineDuration": 47203
    },
    {
        "datetime": 1746558138,
        "temp": 24.0,
        "weatherPic": "cloudy",
        "sunrise": 1746569087,
        "sunset": 1746616290,
        "weatherPicName": "多云",
        "sunshineDuration": 47203
    },
    {
        "datetime": 1746568937,
        "temp": 23.0,
        "weatherPic": "cloudy",
        "sunrise": 1746569087,
        "sunset": 1746616290,
        "weatherPicName": "多云",
        "sunshineDuration": 47203
    },
    {
        "datetime": 1746579862,
        "temp": 25.0,
        "weatherPic": "cloudy",
        "sunrise": 1746569087,
        "sunset": 1746616290,
        "weatherPicName": "多云",
        "sunshineDuration": 47203
    },
    {
        "datetime": 1746590619,
        "temp": 30.0,
        "weatherPic": "cloudy",
        "sunrise": 1746569087,
        "sunset": 1746616290,
        "weatherPicName": "多云",
        "sunshineDuration": 47203
    },
    {
        "datetime": 1746601412,
        "temp": 31.0,
        "weatherPic": "cloudy",
        "sunrise": 1746569087,
        "sunset": 1746616290,
        "weatherPicName": "多云",
        "sunshineDuration": 47203
    },
    {
        "datetime": 1746623108,
        "temp": 27.0,
        "weatherPic": "sunny",
        "sunrise": 1746569087,
        "sunset": 1746616290,
        "weatherPicName": "晴",
        "sunshineDuration": 47203
    }
]