[
    {
        "datetime": 1742141106,
        "temp": 16.0,
        "weatherPic": "cloudy",
        "sunrise": 1742165329,
        "sunset": 1742208676,
        "weatherPicName": "多云",
        "sunshineDuration": 43347
    },
    {
        "datetime": 1742151888,
        "temp": 16.0,
        "weatherPic": "cloudy",
        "sunrise": 1742165329,
        "sunset": 1742208676,
        "weatherPicName": "多云",
        "sunshineDuration": 43347
    },
    {
        "datetime": 1742162654,
        "temp": 15.0,
        "weatherPic": "cloudy",
        "sunrise": 1742165329,
        "sunset": 1742208676,
        "weatherPicName": "多云",
        "sunshineDuration": 43347
    },
    {
        "datetime": 1742173587,
        "temp": 15.0,
        "weatherPic": "cloudy",
        "sunrise": 1742165329,
        "sunset": 1742208676,
        "weatherPicName": "多云",
        "sunshineDuration": 43347
    },
    {
        "datetime": 1742184262,
        "temp": 14.0,
        "weatherPic": "cloudy",
        "sunrise": 1742165329,
        "sunset": 1742208676,
        "weatherPicName": "多云",
        "sunshineDuration": 43347
    },
    {
        "datetime": 1742195063,
        "temp": 15.0,
        "weatherPic": "cloudy",
        "sunrise": 1742165329,
        "sunset": 1742208676,
        "weatherPicName": "多云",
        "sunshineDuration": 43347
    },
    {
        "datetime": 1742205855,
        "temp": 16.0,
        "weatherPic": "cloudy",
        "sunrise": 1742165329,
        "sunset": 1742208676,
        "weatherPicName": "多云",
        "sunshineDuration": 43347
    },
    {
        "datetime": 1742216673,
        "temp": 15.0,
        "weatherPic": "cloudy",
        "sunrise": 1742165329,
        "sunset": 1742208676,
        "weatherPicName": "多云",
        "sunshineDuration": 43347
    }
]