[
    {
        "datetime": 1736525152,
        "temp": 11.0,
        "weatherPic": "sunny",
        "sunrise": 1736551475,
        "sunset": 1736590429,
        "weatherPicName": "晴",
        "sunshineDuration": 38954
    },
    {
        "datetime": 1736535822,
        "temp": 11.0,
        "weatherPic": "cloudy",
        "sunrise": 1736551475,
        "sunset": 1736590429,
        "weatherPicName": "多云",
        "sunshineDuration": 38954
    },
    {
        "datetime": 1736546795,
        "temp": 10.0,
        "weatherPic": "cloudy",
        "sunrise": 1736551475,
        "sunset": 1736590429,
        "weatherPicName": "多云",
        "sunshineDuration": 38954
    },
    {
        "datetime": 1736557452,
        "temp": 10.0,
        "weatherPic": "cloudy",
        "sunrise": 1736551475,
        "sunset": 1736590429,
        "weatherPicName": "多云",
        "sunshineDuration": 38954
    },
    {
        "datetime": 1736568267,
        "temp": 14.0,
        "weatherPic": "cloudy",
        "sunrise": 1736551475,
        "sunset": 1736590429,
        "weatherPicName": "多云",
        "sunshineDuration": 38954
    },
    {
        "datetime": 1736579073,
        "temp": 17.0,
        "weatherPic": "sunny",
        "sunrise": 1736551475,
        "sunset": 1736590429,
        "weatherPicName": "晴",
        "sunshineDuration": 38954
    },
    {
        "datetime": 1736589852,
        "temp": 16.0,
        "weatherPic": "sunny",
        "sunrise": 1736551475,
        "sunset": 1736590429,
        "weatherPicName": "晴",
        "sunshineDuration": 38954
    },
    {
        "datetime": 1736600654,
        "temp": 12.0,
        "weatherPic": "sunny",
        "sunrise": 1736551475,
        "sunset": 1736590429,
        "weatherPicName": "晴",
        "sunshineDuration": 38954
    }
]