[
    {
        "datetime": 1743264281,
        "temp": 10.0,
        "weatherPic": "cloudy",
        "sunrise": 1743287761,
        "sunset": 1743332157,
        "weatherPicName": "多云",
        "sunshineDuration": 44396
    },
    {
        "datetime": 1743275043,
        "temp": 9.0,
        "weatherPic": "cloudy",
        "sunrise": 1743287761,
        "sunset": 1743332157,
        "weatherPicName": "多云",
        "sunshineDuration": 44396
    },
    {
        "datetime": 1743285800,
        "temp": 9.0,
        "weatherPic": "cloudy",
        "sunrise": 1743287761,
        "sunset": 1743332157,
        "weatherPicName": "多云",
        "sunshineDuration": 44396
    },
    {
        "datetime": 1743296652,
        "temp": 9.0,
        "weatherPic": "cloudy",
        "sunrise": 1743287761,
        "sunset": 1743332157,
        "weatherPicName": "多云",
        "sunshineDuration": 44396
    },
    {
        "datetime": 1743307497,
        "temp": 9.0,
        "weatherPic": "cloudy",
        "sunrise": 1743287761,
        "sunset": 1743332157,
        "weatherPicName": "多云",
        "sunshineDuration": 44396
    },
    {
        "datetime": 1743318300,
        "temp": 11.0,
        "weatherPic": "cloudy",
        "sunrise": 1743287761,
        "sunset": 1743332157,
        "weatherPicName": "多云",
        "sunshineDuration": 44396
    },
    {
        "datetime": 1743329063,
        "temp": 11.0,
        "weatherPic": "cloudy",
        "sunrise": 1743287761,
        "sunset": 1743332157,
        "weatherPicName": "多云",
        "sunshineDuration": 44396
    },
    {
        "datetime": 1743339865,
        "temp": 11.0,
        "weatherPic": "cloudy",
        "sunrise": 1743287761,
        "sunset": 1743332157,
        "weatherPicName": "多云",
        "sunshineDuration": 44396
    }
]