[
    {
        "datetime": 1752076895,
        "temp": 28.0,
        "weatherPic": "cloudy",
        "sunrise": 1752098554,
        "sunset": 1752147052,
        "weatherPicName": "多云",
        "sunshineDuration": 48498
    },
    {
        "datetime": 1752087649,
        "temp": 27.0,
        "weatherPic": "cloudy",
        "sunrise": 1752098554,
        "sunset": 1752147052,
        "weatherPicName": "多云",
        "sunshineDuration": 48498
    },
    {
        "datetime": 1752098649,
        "temp": 27.0,
        "weatherPic": "cloudy",
        "sunrise": 1752098554,
        "sunset": 1752147052,
        "weatherPicName": "多云",
        "sunshineDuration": 48498
    },
    {
        "datetime": 1752109299,
        "temp": 28.0,
        "weatherPic": "cloudy",
        "sunrise": 1752098554,
        "sunset": 1752147052,
        "weatherPicName": "多云",
        "sunshineDuration": 48498
    },
    {
        "datetime": 1752120167,
        "temp": 31.0,
        "weatherPic": "cloudy",
        "sunrise": 1752098554,
        "sunset": 1752147052,
        "weatherPicName": "多云",
        "sunshineDuration": 48498
    },
    {
        "datetime": 1752130980,
        "temp": 34.0,
        "weatherPic": "cloudy",
        "sunrise": 1752098554,
        "sunset": 1752147052,
        "weatherPicName": "多云",
        "sunshineDuration": 48498
    },
    {
        "datetime": 1752141957,
        "temp": 34.0,
        "weatherPic": "rainy-s",
        "sunrise": 1752098554,
        "sunset": 1752147052,
        "weatherPicName": "大雨",
        "sunshineDuration": 48498
    },
    {
        "datetime": 1752152834,
        "temp": 29.0,
        "weatherPic": "rainy-s",
        "sunrise": 1752098554,
        "sunset": 1752147052,
        "weatherPicName": "大雨",
        "sunshineDuration": 48498
    }
]