[
    {
        "datetime": 1750089751,
        "temp": 25.0,
        "weatherPic": "cloudy",
        "sunrise": 1750110960,
        "sunset": 1750159739,
        "weatherPicName": "多云",
        "sunshineDuration": 48779
    },
    {
        "datetime": 1750100531,
        "temp": 24.0,
        "weatherPic": "cloudy",
        "sunrise": 1750110960,
        "sunset": 1750159739,
        "weatherPicName": "多云",
        "sunshineDuration": 48779
    },
    {
        "datetime": 1750111272,
        "temp": 24.0,
        "weatherPic": "cloudy",
        "sunrise": 1750110960,
        "sunset": 1750159739,
        "weatherPicName": "多云",
        "sunshineDuration": 48779
    },
    {
        "datetime": 1750122161,
        "temp": 26.0,
        "weatherPic": "cloudy",
        "sunrise": 1750110960,
        "sunset": 1750159739,
        "weatherPicName": "多云",
        "sunshineDuration": 48779
    },
    {
        "datetime": 1750133079,
        "temp": 29.0,
        "weatherPic": "cloudy",
        "sunrise": 1750110960,
        "sunset": 1750159739,
        "weatherPicName": "多云",
        "sunshineDuration": 48779
    },
    {
        "datetime": 1750143915,
        "temp": 30.0,
        "weatherPic": "rainy-s",
        "sunrise": 1750110960,
        "sunset": 1750159739,
        "weatherPicName": "大雨",
        "sunshineDuration": 48779
    },
    {
        "datetime": 1750154699,
        "temp": 28.0,
        "weatherPic": "rainy-s",
        "sunrise": 1750110960,
        "sunset": 1750159739,
        "weatherPicName": "大雨",
        "sunshineDuration": 48779
    },
    {
        "datetime": 1750165531,
        "temp": 26.0,
        "weatherPic": "cloudy",
        "sunrise": 1750110960,
        "sunset": 1750159739,
        "weatherPicName": "多云",
        "sunshineDuration": 48779
    }
]