[
    {
        "datetime": 1736179392,
        "temp": 16.0,
        "weatherPic": "cloudy",
        "sunrise": 1736205844,
        "sunset": 1736244663,
        "weatherPicName": "多云",
        "sunshineDuration": 38819
    },
    {
        "datetime": 1736190261,
        "temp": 14.0,
        "weatherPic": "cloudy",
        "sunrise": 1736205844,
        "sunset": 1736244663,
        "weatherPicName": "多云",
        "sunshineDuration": 38819
    },
    {
        "datetime": 1736200963,
        "temp": 13.0,
        "weatherPic": "cloudy",
        "sunrise": 1736205844,
        "sunset": 1736244663,
        "weatherPicName": "多云",
        "sunshineDuration": 38819
    },
    {
        "datetime": 1736211813,
        "temp": 15.0,
        "weatherPic": "sunny",
        "sunrise": 1736205844,
        "sunset": 1736244663,
        "weatherPicName": "晴",
        "sunshineDuration": 38819
    },
    {
        "datetime": 1736222679,
        "temp": 21.0,
        "weatherPic": "sunny",
        "sunrise": 1736205844,
        "sunset": 1736244663,
        "weatherPicName": "晴",
        "sunshineDuration": 38819
    },
    {
        "datetime": 1736233496,
        "temp": 23.0,
        "weatherPic": "sunny",
        "sunrise": 1736205844,
        "sunset": 1736244663,
        "weatherPicName": "晴",
        "sunshineDuration": 38819
    },
    {
        "datetime": 1736244155,
        "temp": 21.0,
        "weatherPic": "sunny",
        "sunrise": 1736205844,
        "sunset": 1736244663,
        "weatherPicName": "晴",
        "sunshineDuration": 38819
    },
    {
        "datetime": 1736254957,
        "temp": 19.0,
        "weatherPic": "cloudy",
        "sunrise": 1736205844,
        "sunset": 1736244663,
        "weatherPicName": "多云",
        "sunshineDuration": 38819
    }
]