[
    {
        "datetime": 1752595516,
        "temp": 28.0,
        "weatherPic": "cloudy",
        "sunrise": 1752617102,
        "sunset": 1752665388,
        "weatherPicName": "多云",
        "sunshineDuration": 48286
    },
    {
        "datetime": 1752606237,
        "temp": 27.0,
        "weatherPic": "cloudy",
        "sunrise": 1752617102,
        "sunset": 1752665388,
        "weatherPicName": "多云",
        "sunshineDuration": 48286
    },
    {
        "datetime": 1752616809,
        "temp": 26.0,
        "weatherPic": "cloudy",
        "sunrise": 1752617102,
        "sunset": 1752665388,
        "weatherPicName": "多云",
        "sunshineDuration": 48286
    },
    {
        "datetime": 1752627714,
        "temp": 30.0,
        "weatherPic": "sunny",
        "sunrise": 1752617102,
        "sunset": 1752665388,
        "weatherPicName": "晴",
        "sunshineDuration": 48286
    },
    {
        "datetime": 1752638711,
        "temp": 33.0,
        "weatherPic": "cloudy",
        "sunrise": 1752617102,
        "sunset": 1752665388,
        "weatherPicName": "多云",
        "sunshineDuration": 48286
    },
    {
        "datetime": 1752649501,
        "temp": 34.0,
        "weatherPic": "cloudy",
        "sunrise": 1752617102,
        "sunset": 1752665388,
        "weatherPicName": "多云",
        "sunshineDuration": 48286
    },
    {
        "datetime": 1752660076,
        "temp": 32.0,
        "weatherPic": "rainy-s",
        "sunrise": 1752617102,
        "sunset": 1752665388,
        "weatherPicName": "大雨",
        "sunshineDuration": 48286
    },
    {
        "datetime": 1752671172,
        "temp": 29.0,
        "weatherPic": "rainy-s",
        "sunrise": 1752617102,
        "sunset": 1752665388,
        "weatherPicName": "大雨",
        "sunshineDuration": 48286
    }
]