[
    {
        "datetime": 1743782628,
        "temp": 22.0,
        "weatherPic": "cloudy",
        "sunrise": 1743805812,
        "sunset": 1743850687,
        "weatherPicName": "多云",
        "sunshineDuration": 44875
    },
    {
        "datetime": 1743793477,
        "temp": 22.0,
        "weatherPic": "cloudy",
        "sunrise": 1743805812,
        "sunset": 1743850687,
        "weatherPicName": "多云",
        "sunshineDuration": 44875
    },
    {
        "datetime": 1743804181,
        "temp": 22.0,
        "weatherPic": "cloudy",
        "sunrise": 1743805812,
        "sunset": 1743850687,
        "weatherPicName": "多云",
        "sunshineDuration": 44875
    },
    {
        "datetime": 1743815138,
        "temp": 22.0,
        "weatherPic": "cloudy",
        "sunrise": 1743805812,
        "sunset": 1743850687,
        "weatherPicName": "多云",
        "sunshineDuration": 44875
    },
    {
        "datetime": 1743825877,
        "temp": 22.0,
        "weatherPic": "cloudy",
        "sunrise": 1743805812,
        "sunset": 1743850687,
        "weatherPicName": "多云",
        "sunshineDuration": 44875
    },
    {
        "datetime": 1743836698,
        "temp": 25.0,
        "weatherPic": "cloudy",
        "sunrise": 1743805812,
        "sunset": 1743850687,
        "weatherPicName": "多云",
        "sunshineDuration": 44875
    },
    {
        "datetime": 1743847433,
        "temp": 24.0,
        "weatherPic": "cloudy",
        "sunrise": 1743805812,
        "sunset": 1743850687,
        "weatherPicName": "多云",
        "sunshineDuration": 44875
    },
    {
        "datetime": 1743858281,
        "temp": 23.0,
        "weatherPic": "cloudy",
        "sunrise": 1743805812,
        "sunset": 1743850687,
        "weatherPicName": "多云",
        "sunshineDuration": 44875
    }
]