[
    {
        "datetime": 1736611481,
        "temp": 11.0,
        "weatherPic": "sunny",
        "sunrise": 1736637880,
        "sunset": 1736676871,
        "weatherPicName": "晴",
        "sunshineDuration": 38991
    },
    {
        "datetime": 1736622233,
        "temp": 9.0,
        "weatherPic": "sunny",
        "sunrise": 1736637880,
        "sunset": 1736676871,
        "weatherPicName": "晴",
        "sunshineDuration": 38991
    },
    {
        "datetime": 1736633039,
        "temp": 7.0,
        "weatherPic": "sunny",
        "sunrise": 1736637880,
        "sunset": 1736676871,
        "weatherPicName": "晴",
        "sunshineDuration": 38991
    },
    {
        "datetime": 1736643862,
        "temp": 10.0,
        "weatherPic": "sunny",
        "sunrise": 1736637880,
        "sunset": 1736676871,
        "weatherPicName": "晴",
        "sunshineDuration": 38991
    },
    {
        "datetime": 1736654646,
        "temp": 16.0,
        "weatherPic": "sunny",
        "sunrise": 1736637880,
        "sunset": 1736676871,
        "weatherPicName": "晴",
        "sunshineDuration": 38991
    },
    {
        "datetime": 1736665455,
        "temp": 20.0,
        "weatherPic": "sunny",
        "sunrise": 1736637880,
        "sunset": 1736676871,
        "weatherPicName": "晴",
        "sunshineDuration": 38991
    },
    {
        "datetime": 1736676260,
        "temp": 18.0,
        "weatherPic": "sunny",
        "sunrise": 1736637880,
        "sunset": 1736676871,
        "weatherPicName": "晴",
        "sunshineDuration": 38991
    },
    {
        "datetime": 1736687093,
        "temp": 14.0,
        "weatherPic": "sunny",
        "sunrise": 1736637880,
        "sunset": 1736676871,
        "weatherPicName": "晴",
        "sunshineDuration": 38991
    }
]