[
    {
        "datetime": 1739289863,
        "temp": 20.0,
        "weatherPic": "cloudy",
        "sunrise": 1739315766,
        "sunset": 1739356544,
        "weatherPicName": "多云",
        "sunshineDuration": 40778
    },
    {
        "datetime": 1739300610,
        "temp": 19.0,
        "weatherPic": "cloudy",
        "sunrise": 1739315766,
        "sunset": 1739356544,
        "weatherPicName": "多云",
        "sunshineDuration": 40778
    },
    {
        "datetime": 1739311464,
        "temp": 19.0,
        "weatherPic": "cloudy",
        "sunrise": 1739315766,
        "sunset": 1739356544,
        "weatherPicName": "多云",
        "sunshineDuration": 40778
    },
    {
        "datetime": 1739322274,
        "temp": 20.0,
        "weatherPic": "cloudy",
        "sunrise": 1739315766,
        "sunset": 1739356544,
        "weatherPicName": "多云",
        "sunshineDuration": 40778
    },
    {
        "datetime": 1739333030,
        "temp": 25.0,
        "weatherPic": "cloudy",
        "sunrise": 1739315766,
        "sunset": 1739356544,
        "weatherPicName": "多云",
        "sunshineDuration": 40778
    },
    {
        "datetime": 1739343853,
        "temp": 26.0,
        "weatherPic": "cloudy",
        "sunrise": 1739315766,
        "sunset": 1739356544,
        "weatherPicName": "多云",
        "sunshineDuration": 40778
    },
    {
        "datetime": 1739354668,
        "temp": 23.0,
        "weatherPic": "cloudy",
        "sunrise": 1739315766,
        "sunset": 1739356544,
        "weatherPicName": "多云",
        "sunshineDuration": 40778
    },
    {
        "datetime": 1739365441,
        "temp": 16.0,
        "weatherPic": "sunny",
        "sunrise": 1739315766,
        "sunset": 1739356544,
        "weatherPicName": "晴",
        "sunshineDuration": 40778
    }
]