[
    {
        "datetime": 1737993814,
        "temp": 15.0,
        "weatherPic": "cloudy",
        "sunrise": 1738020170,
        "sunset": 1738059956,
        "weatherPicName": "多云",
        "sunshineDuration": 39786
    },
    {
        "datetime": 1738004648,
        "temp": 13.0,
        "weatherPic": "cloudy",
        "sunrise": 1738020170,
        "sunset": 1738059956,
        "weatherPicName": "多云",
        "sunshineDuration": 39786
    },
    {
        "datetime": 1738015416,
        "temp": 12.0,
        "weatherPic": "cloudy",
        "sunrise": 1738020170,
        "sunset": 1738059956,
        "weatherPicName": "多云",
        "sunshineDuration": 39786
    },
    {
        "datetime": 1738026305,
        "temp": 13.0,
        "weatherPic": "cloudy",
        "sunrise": 1738020170,
        "sunset": 1738059956,
        "weatherPicName": "多云",
        "sunshineDuration": 39786
    },
    {
        "datetime": 1738037034,
        "temp": 15.0,
        "weatherPic": "cloudy",
        "sunrise": 1738020170,
        "sunset": 1738059956,
        "weatherPicName": "多云",
        "sunshineDuration": 39786
    },
    {
        "datetime": 1738047884,
        "temp": 18.0,
        "weatherPic": "cloudy",
        "sunrise": 1738020170,
        "sunset": 1738059956,
        "weatherPicName": "多云",
        "sunshineDuration": 39786
    },
    {
        "datetime": 1738058666,
        "temp": 18.0,
        "weatherPic": "cloudy",
        "sunrise": 1738020170,
        "sunset": 1738059956,
        "weatherPicName": "多云",
        "sunshineDuration": 39786
    },
    {
        "datetime": 1738069401,
        "temp": 17.0,
        "weatherPic": "cloudy",
        "sunrise": 1738020170,
        "sunset": 1738059956,
        "weatherPicName": "多云",
        "sunshineDuration": 39786
    }
]