[
    {
        "datetime": 1751731467,
        "temp": 29.0,
        "weatherPic": "cloudy",
        "sunrise": 1751752862,
        "sunset": 1751801472,
        "weatherPicName": "多云",
        "sunshineDuration": 48610
    },
    {
        "datetime": 1751742279,
        "temp": 28.0,
        "weatherPic": "rainy-s",
        "sunrise": 1751752862,
        "sunset": 1751801472,
        "weatherPicName": "大雨",
        "sunshineDuration": 48610
    },
    {
        "datetime": 1751753039,
        "temp": 27.0,
        "weatherPic": "rainy-s",
        "sunrise": 1751752862,
        "sunset": 1751801472,
        "weatherPicName": "大雨",
        "sunshineDuration": 48610
    },
    {
        "datetime": 1751763759,
        "temp": 29.0,
        "weatherPic": "cloudy",
        "sunrise": 1751752862,
        "sunset": 1751801472,
        "weatherPicName": "多云",
        "sunshineDuration": 48610
    },
    {
        "datetime": 1751774676,
        "temp": 33.0,
        "weatherPic": "cloudy",
        "sunrise": 1751752862,
        "sunset": 1751801472,
        "weatherPicName": "多云",
        "sunshineDuration": 48610
    },
    {
        "datetime": 1751785275,
        "temp": 34.0,
        "weatherPic": "cloudy",
        "sunrise": 1751752862,
        "sunset": 1751801472,
        "weatherPicName": "多云",
        "sunshineDuration": 48610
    },
    {
        "datetime": 1751796072,
        "temp": 34.0,
        "weatherPic": "cloudy",
        "sunrise": 1751752862,
        "sunset": 1751801472,
        "weatherPicName": "多云",
        "sunshineDuration": 48610
    },
    {
        "datetime": 1751807083,
        "temp": 30.0,
        "weatherPic": "cloudy",
        "sunrise": 1751752862,
        "sunset": 1751801472,
        "weatherPicName": "多云",
        "sunshineDuration": 48610
    }
]