[
    {
        "datetime": 1748016156,
        "temp": 25.0,
        "weatherPic": "cloudy",
        "sunrise": 1748037449,
        "sunset": 1748085580,
        "weatherPicName": "多云",
        "sunshineDuration": 48131
    },
    {
        "datetime": 1748026984,
        "temp": 23.0,
        "weatherPic": "cloudy",
        "sunrise": 1748037449,
        "sunset": 1748085580,
        "weatherPicName": "多云",
        "sunshineDuration": 48131
    },
    {
        "datetime": 1748037828,
        "temp": 22.0,
        "weatherPic": "cloudy",
        "sunrise": 1748037449,
        "sunset": 1748085580,
        "weatherPicName": "多云",
        "sunshineDuration": 48131
    },
    {
        "datetime": 1748048753,
        "temp": 22.0,
        "weatherPic": "rainy-s",
        "sunrise": 1748037449,
        "sunset": 1748085580,
        "weatherPicName": "大雨",
        "sunshineDuration": 48131
    },
    {
        "datetime": 1748059457,
        "temp": 22.0,
        "weatherPic": "cloudy",
        "sunrise": 1748037449,
        "sunset": 1748085580,
        "weatherPicName": "多云",
        "sunshineDuration": 48131
    },
    {
        "datetime": 1748070229,
        "temp": 21.0,
        "weatherPic": "rainy-s",
        "sunrise": 1748037449,
        "sunset": 1748085580,
        "weatherPicName": "大雨",
        "sunshineDuration": 48131
    },
    {
        "datetime": 1748080967,
        "temp": 21.0,
        "weatherPic": "rainy-s",
        "sunrise": 1748037449,
        "sunset": 1748085580,
        "weatherPicName": "大雨",
        "sunshineDuration": 48131
    },
    {
        "datetime": 1748091911,
        "temp": 20.0,
        "weatherPic": "cloudy",
        "sunrise": 1748037449,
        "sunset": 1748085580,
        "weatherPicName": "多云",
        "sunshineDuration": 48131
    }
]