[
    {
        "datetime": 1740240273,
        "temp": 14.0,
        "weatherPic": "cloudy",
        "sunrise": 1740265711,
        "sunset": 1740307308,
        "weatherPicName": "多云",
        "sunshineDuration": 41597
    },
    {
        "datetime": 1740251065,
        "temp": 13.0,
        "weatherPic": "cloudy",
        "sunrise": 1740265711,
        "sunset": 1740307308,
        "weatherPicName": "多云",
        "sunshineDuration": 41597
    },
    {
        "datetime": 1740261778,
        "temp": 12.0,
        "weatherPic": "cloudy",
        "sunrise": 1740265711,
        "sunset": 1740307308,
        "weatherPicName": "多云",
        "sunshineDuration": 41597
    },
    {
        "datetime": 1740272586,
        "temp": 11.0,
        "weatherPic": "cloudy",
        "sunrise": 1740265711,
        "sunset": 1740307308,
        "weatherPicName": "多云",
        "sunshineDuration": 41597
    },
    {
        "datetime": 1740283426,
        "temp": 12.0,
        "weatherPic": "cloudy",
        "sunrise": 1740265711,
        "sunset": 1740307308,
        "weatherPicName": "多云",
        "sunshineDuration": 41597
    },
    {
        "datetime": 1740294194,
        "temp": 12.0,
        "weatherPic": "cloudy",
        "sunrise": 1740265711,
        "sunset": 1740307308,
        "weatherPicName": "多云",
        "sunshineDuration": 41597
    },
    {
        "datetime": 1740304974,
        "temp": 11.0,
        "weatherPic": "cloudy",
        "sunrise": 1740265711,
        "sunset": 1740307308,
        "weatherPicName": "多云",
        "sunshineDuration": 41597
    },
    {
        "datetime": 1740315824,
        "temp": 11.0,
        "weatherPic": "cloudy",
        "sunrise": 1740265711,
        "sunset": 1740307308,
        "weatherPicName": "多云",
        "sunshineDuration": 41597
    }
]