[
    {
        "datetime": 1744733042,
        "temp": 24.0,
        "weatherPic": "cloudy",
        "sunrise": 1744755609,
        "sunset": 1744801337,
        "weatherPicName": "多云",
        "sunshineDuration": 45728
    },
    {
        "datetime": 1744743891,
        "temp": 22.0,
        "weatherPic": "cloudy",
        "sunrise": 1744755609,
        "sunset": 1744801337,
        "weatherPicName": "多云",
        "sunshineDuration": 45728
    },
    {
        "datetime": 1744754687,
        "temp": 21.0,
        "weatherPic": "cloudy",
        "sunrise": 1744755609,
        "sunset": 1744801337,
        "weatherPicName": "多云",
        "sunshineDuration": 45728
    },
    {
        "datetime": 1744765526,
        "temp": 24.0,
        "weatherPic": "cloudy",
        "sunrise": 1744755609,
        "sunset": 1744801337,
        "weatherPicName": "多云",
        "sunshineDuration": 45728
    },
    {
        "datetime": 1744776196,
        "temp": 31.0,
        "weatherPic": "cloudy",
        "sunrise": 1744755609,
        "sunset": 1744801337,
        "weatherPicName": "多云",
        "sunshineDuration": 45728
    },
    {
        "datetime": 1744787157,
        "temp": 33.0,
        "weatherPic": "cloudy",
        "sunrise": 1744755609,
        "sunset": 1744801337,
        "weatherPicName": "多云",
        "sunshineDuration": 45728
    },
    {
        "datetime": 1744797912,
        "temp": 30.0,
        "weatherPic": "cloudy",
        "sunrise": 1744755609,
        "sunset": 1744801337,
        "weatherPicName": "多云",
        "sunshineDuration": 45728
    },
    {
        "datetime": 1744808655,
        "temp": 25.0,
        "weatherPic": "cloudy",
        "sunrise": 1744755609,
        "sunset": 1744801337,
        "weatherPicName": "多云",
        "sunshineDuration": 45728
    }
]