[
    {
        "datetime": 1750953687,
        "temp": 25.0,
        "weatherPic": "cloudy",
        "sunrise": 1750975087,
        "sunset": 1751023853,
        "weatherPicName": "多云",
        "sunshineDuration": 48766
    },
    {
        "datetime": 1750964457,
        "temp": 25.0,
        "weatherPic": "rainy-s",
        "sunrise": 1750975087,
        "sunset": 1751023853,
        "weatherPicName": "大雨",
        "sunshineDuration": 48766
    },
    {
        "datetime": 1750975235,
        "temp": 25.0,
        "weatherPic": "cloudy",
        "sunrise": 1750975087,
        "sunset": 1751023853,
        "weatherPicName": "多云",
        "sunshineDuration": 48766
    },
    {
        "datetime": 1750986084,
        "temp": 26.0,
        "weatherPic": "cloudy",
        "sunrise": 1750975087,
        "sunset": 1751023853,
        "weatherPicName": "多云",
        "sunshineDuration": 48766
    },
    {
        "datetime": 1750997164,
        "temp": 30.0,
        "weatherPic": "cloudy",
        "sunrise": 1750975087,
        "sunset": 1751023853,
        "weatherPicName": "多云",
        "sunshineDuration": 48766
    },
    {
        "datetime": 1751007910,
        "temp": 31.0,
        "weatherPic": "cloudy",
        "sunrise": 1750975087,
        "sunset": 1751023853,
        "weatherPicName": "多云",
        "sunshineDuration": 48766
    },
    {
        "datetime": 1751018854,
        "temp": 29.0,
        "weatherPic": "cloudy",
        "sunrise": 1750975087,
        "sunset": 1751023853,
        "weatherPicName": "多云",
        "sunshineDuration": 48766
    },
    {
        "datetime": 1751029666,
        "temp": 26.0,
        "weatherPic": "cloudy",
        "sunrise": 1750975087,
        "sunset": 1751023853,
        "weatherPicName": "多云",
        "sunshineDuration": 48766
    }
]