[
    {
        "datetime": 1740672143,
        "temp": 20.0,
        "weatherPic": "cloudy",
        "sunrise": 1740697468,
        "sunset": 1740739454,
        "weatherPicName": "多云",
        "sunshineDuration": 41986
    },
    {
        "datetime": 1740683000,
        "temp": 20.0,
        "weatherPic": "cloudy",
        "sunrise": 1740697468,
        "sunset": 1740739454,
        "weatherPicName": "多云",
        "sunshineDuration": 41986
    },
    {
        "datetime": 1740693749,
        "temp": 19.0,
        "weatherPic": "cloudy",
        "sunrise": 1740697468,
        "sunset": 1740739454,
        "weatherPicName": "多云",
        "sunshineDuration": 41986
    },
    {
        "datetime": 1740704782,
        "temp": 20.0,
        "weatherPic": "cloudy",
        "sunrise": 1740697468,
        "sunset": 1740739454,
        "weatherPicName": "多云",
        "sunshineDuration": 41986
    },
    {
        "datetime": 1740715369,
        "temp": 26.0,
        "weatherPic": "cloudy",
        "sunrise": 1740697468,
        "sunset": 1740739454,
        "weatherPicName": "多云",
        "sunshineDuration": 41986
    },
    {
        "datetime": 1740726180,
        "temp": 29.0,
        "weatherPic": "cloudy",
        "sunrise": 1740697468,
        "sunset": 1740739454,
        "weatherPicName": "多云",
        "sunshineDuration": 41986
    },
    {
        "datetime": 1740736953,
        "temp": 25.0,
        "weatherPic": "cloudy",
        "sunrise": 1740697468,
        "sunset": 1740739454,
        "weatherPicName": "多云",
        "sunshineDuration": 41986
    },
    {
        "datetime": 1740747873,
        "temp": 23.0,
        "weatherPic": "cloudy",
        "sunrise": 1740697468,
        "sunset": 1740739454,
        "weatherPicName": "多云",
        "sunshineDuration": 41986
    }
]