[
    {
        "datetime": 1745348651,
        "temp": 26.0,
        "weatherPic": "sunny",
        "sunrise": 1745360062,
        "sunset": 1745406310,
        "weatherPicName": "晴",
        "sunshineDuration": 46248
    },
    {
        "datetime": 1745359453,
        "temp": 24.0,
        "weatherPic": "sunny",
        "sunrise": 1745360062,
        "sunset": 1745406310,
        "weatherPicName": "晴",
        "sunshineDuration": 46248
    },
    {
        "datetime": 1745370290,
        "temp": 28.0,
        "weatherPic": "sunny",
        "sunrise": 1745360062,
        "sunset": 1745406310,
        "weatherPicName": "晴",
        "sunshineDuration": 46248
    },
    {
        "datetime": 1745381073,
        "temp": 32.0,
        "weatherPic": "cloudy",
        "sunrise": 1745360062,
        "sunset": 1745406310,
        "weatherPicName": "多云",
        "sunshineDuration": 46248
    },
    {
        "datetime": 1745391900,
        "temp": 32.0,
        "weatherPic": "cloudy",
        "sunrise": 1745360062,
        "sunset": 1745406310,
        "weatherPicName": "多云",
        "sunshineDuration": 46248
    },
    {
        "datetime": 1745402710,
        "temp": 27.0,
        "weatherPic": "cloudy",
        "sunrise": 1745360062,
        "sunset": 1745406310,
        "weatherPicName": "多云",
        "sunshineDuration": 46248
    }
]