[
    {
        "datetime": 1745683513,
        "temp": 24.0,
        "weatherPic": "cloudy",
        "sunrise": 1745705480,
        "sunset": 1745752014,
        "weatherPicName": "多云",
        "sunshineDuration": 46534
    },
    {
        "datetime": 1745694251,
        "temp": 24.0,
        "weatherPic": "cloudy",
        "sunrise": 1745705480,
        "sunset": 1745752014,
        "weatherPicName": "多云",
        "sunshineDuration": 46534
    },
    {
        "datetime": 1745704954,
        "temp": 24.0,
        "weatherPic": "cloudy",
        "sunrise": 1745705480,
        "sunset": 1745752014,
        "weatherPicName": "多云",
        "sunshineDuration": 46534
    },
    {
        "datetime": 1745715776,
        "temp": 25.0,
        "weatherPic": "cloudy",
        "sunrise": 1745705480,
        "sunset": 1745752014,
        "weatherPicName": "多云",
        "sunshineDuration": 46534
    },
    {
        "datetime": 1745726658,
        "temp": 29.0,
        "weatherPic": "cloudy",
        "sunrise": 1745705480,
        "sunset": 1745752014,
        "weatherPicName": "多云",
        "sunshineDuration": 46534
    },
    {
        "datetime": 1745737408,
        "temp": 32.0,
        "weatherPic": "cloudy",
        "sunrise": 1745705480,
        "sunset": 1745752014,
        "weatherPicName": "多云",
        "sunshineDuration": 46534
    },
    {
        "datetime": 1745748212,
        "temp": 29.0,
        "weatherPic": "cloudy",
        "sunrise": 1745705480,
        "sunset": 1745752014,
        "weatherPicName": "多云",
        "sunshineDuration": 46534
    },
    {
        "datetime": 1745759140,
        "temp": 26.0,
        "weatherPic": "cloudy",
        "sunrise": 1745705480,
        "sunset": 1745752014,
        "weatherPicName": "多云",
        "sunshineDuration": 46534
    }
]