[
    {
        "datetime": 1752336314,
        "temp": 27.0,
        "weatherPic": "cloudy",
        "sunrise": 1752357827,
        "sunset": 1752406225,
        "weatherPicName": "多云",
        "sunshineDuration": 48398
    },
    {
        "datetime": 1752347081,
        "temp": 26.0,
        "weatherPic": "rainy-s",
        "sunrise": 1752357827,
        "sunset": 1752406225,
        "weatherPicName": "大雨",
        "sunshineDuration": 48398
    },
    {
        "datetime": 1752357826,
        "temp": 26.0,
        "weatherPic": "rainy-s",
        "sunrise": 1752357827,
        "sunset": 1752406225,
        "weatherPicName": "大雨",
        "sunshineDuration": 48398
    },
    {
        "datetime": 1752368710,
        "temp": 28.0,
        "weatherPic": "cloudy",
        "sunrise": 1752357827,
        "sunset": 1752406225,
        "weatherPicName": "多云",
        "sunshineDuration": 48398
    },
    {
        "datetime": 1752379647,
        "temp": 32.0,
        "weatherPic": "cloudy",
        "sunrise": 1752357827,
        "sunset": 1752406225,
        "weatherPicName": "多云",
        "sunshineDuration": 48398
    },
    {
        "datetime": 1752390410,
        "temp": 32.0,
        "weatherPic": "rainy-s",
        "sunrise": 1752357827,
        "sunset": 1752406225,
        "weatherPicName": "大雨",
        "sunshineDuration": 48398
    },
    {
        "datetime": 1752401124,
        "temp": 31.0,
        "weatherPic": "cloudy",
        "sunrise": 1752357827,
        "sunset": 1752406225,
        "weatherPicName": "多云",
        "sunshineDuration": 48398
    },
    {
        "datetime": 1752411939,
        "temp": 28.0,
        "weatherPic": "cloudy",
        "sunrise": 1752357827,
        "sunset": 1752406225,
        "weatherPicName": "多云",
        "sunshineDuration": 48398
    }
]