[
    {
        "datetime": 1739981072,
        "temp": 16.0,
        "weatherPic": "cloudy",
        "sunrise": 1740006646,
        "sunset": 1740048015,
        "weatherPicName": "多云",
        "sunshineDuration": 41369
    },
    {
        "datetime": 1739991864,
        "temp": 16.0,
        "weatherPic": "cloudy",
        "sunrise": 1740006646,
        "sunset": 1740048015,
        "weatherPicName": "多云",
        "sunshineDuration": 41369
    },
    {
        "datetime": 1740002622,
        "temp": 16.0,
        "weatherPic": "cloudy",
        "sunrise": 1740006646,
        "sunset": 1740048015,
        "weatherPicName": "多云",
        "sunshineDuration": 41369
    },
    {
        "datetime": 1740013423,
        "temp": 17.0,
        "weatherPic": "cloudy",
        "sunrise": 1740006646,
        "sunset": 1740048015,
        "weatherPicName": "多云",
        "sunshineDuration": 41369
    },
    {
        "datetime": 1740024206,
        "temp": 23.0,
        "weatherPic": "cloudy",
        "sunrise": 1740006646,
        "sunset": 1740048015,
        "weatherPicName": "多云",
        "sunshineDuration": 41369
    },
    {
        "datetime": 1740035103,
        "temp": 25.0,
        "weatherPic": "cloudy",
        "sunrise": 1740006646,
        "sunset": 1740048015,
        "weatherPicName": "多云",
        "sunshineDuration": 41369
    },
    {
        "datetime": 1740045846,
        "temp": 22.0,
        "weatherPic": "cloudy",
        "sunrise": 1740006646,
        "sunset": 1740048015,
        "weatherPicName": "多云",
        "sunshineDuration": 41369
    },
    {
        "datetime": 1740056654,
        "temp": 17.0,
        "weatherPic": "cloudy",
        "sunrise": 1740006646,
        "sunset": 1740048015,
        "weatherPicName": "多云",
        "sunshineDuration": 41369
    }
]