[
    {
        "datetime": 1744905846,
        "temp": 25.0,
        "weatherPic": "cloudy",
        "sunrise": 1744928307,
        "sunset": 1744974185,
        "weatherPicName": "多云",
        "sunshineDuration": 45878
    },
    {
        "datetime": 1744916642,
        "temp": 23.0,
        "weatherPic": "cloudy",
        "sunrise": 1744928307,
        "sunset": 1744974185,
        "weatherPicName": "多云",
        "sunshineDuration": 45878
    },
    {
        "datetime": 1744927446,
        "temp": 23.0,
        "weatherPic": "cloudy",
        "sunrise": 1744928307,
        "sunset": 1744974185,
        "weatherPicName": "多云",
        "sunshineDuration": 45878
    },
    {
        "datetime": 1744938196,
        "temp": 27.0,
        "weatherPic": "cloudy",
        "sunrise": 1744928307,
        "sunset": 1744974185,
        "weatherPicName": "多云",
        "sunshineDuration": 45878
    },
    {
        "datetime": 1744949069,
        "temp": 30.0,
        "weatherPic": "cloudy",
        "sunrise": 1744928307,
        "sunset": 1744974185,
        "weatherPicName": "多云",
        "sunshineDuration": 45878
    },
    {
        "datetime": 1744959861,
        "temp": 35.0,
        "weatherPic": "cloudy",
        "sunrise": 1744928307,
        "sunset": 1744974185,
        "weatherPicName": "多云",
        "sunshineDuration": 45878
    },
    {
        "datetime": 1744970700,
        "temp": 33.0,
        "weatherPic": "cloudy",
        "sunrise": 1744928307,
        "sunset": 1744974185,
        "weatherPicName": "多云",
        "sunshineDuration": 45878
    },
    {
        "datetime": 1744981490,
        "temp": 29.0,
        "weatherPic": "sunny",
        "sunrise": 1744928307,
        "sunset": 1744974185,
        "weatherPicName": "晴",
        "sunshineDuration": 45878
    }
]