[
    {
        "datetime": 1743955467,
        "temp": 22.0,
        "weatherPic": "cloudy",
        "sunrise": 1743978498,
        "sunset": 1744023531,
        "weatherPicName": "多云",
        "sunshineDuration": 45033
    },
    {
        "datetime": 1743966170,
        "temp": 21.0,
        "weatherPic": "cloudy",
        "sunrise": 1743978498,
        "sunset": 1744023531,
        "weatherPicName": "多云",
        "sunshineDuration": 45033
    },
    {
        "datetime": 1743977027,
        "temp": 21.0,
        "weatherPic": "rainy-s",
        "sunrise": 1743978498,
        "sunset": 1744023531,
        "weatherPicName": "大雨",
        "sunshineDuration": 45033
    },
    {
        "datetime": 1743987839,
        "temp": 22.0,
        "weatherPic": "cloudy",
        "sunrise": 1743978498,
        "sunset": 1744023531,
        "weatherPicName": "多云",
        "sunshineDuration": 45033
    },
    {
        "datetime": 1743998613,
        "temp": 23.0,
        "weatherPic": "cloudy",
        "sunrise": 1743978498,
        "sunset": 1744023531,
        "weatherPicName": "多云",
        "sunshineDuration": 45033
    },
    {
        "datetime": 1744009468,
        "temp": 26.0,
        "weatherPic": "cloudy",
        "sunrise": 1743978498,
        "sunset": 1744023531,
        "weatherPicName": "多云",
        "sunshineDuration": 45033
    },
    {
        "datetime": 1744020226,
        "temp": 27.0,
        "weatherPic": "cloudy",
        "sunrise": 1743978498,
        "sunset": 1744023531,
        "weatherPicName": "多云",
        "sunshineDuration": 45033
    },
    {
        "datetime": 1744031089,
        "temp": 24.0,
        "weatherPic": "cloudy",
        "sunrise": 1743978498,
        "sunset": 1744023531,
        "weatherPicName": "多云",
        "sunshineDuration": 45033
    }
]