{
    "stationStatisticDay": {
        "id": null,
        "systemId": null,
        "year": null,
        "month": null,
        "day": null,
        "generationValue": null,
        "useValue": null,
        "gridValue": null,
        "buyValue": null,
        "chargeValue": null,
        "dischargeValue": null,
        "theoreticalGeneration": null,
        "incomeValue": null,
        "fullPowerHours": null,
        "irradiate": null,
        "acceptDay": null,
        "updateTime": null,
        "pr": null,
        "cpr": null,
        "gvForGrid": null,
        "gridAmount": null,
        "gvForUse": null,
        "useAmount": null,
        "generationOriginalValue": null,
        "useOriginalValue": null,
        "deviceHistoryValueList": null,
        "genForUse": null,
        "genForGrid": null,
        "useFromGen": null,
        "useFromBuy": null,
        "powerTempRatio": null,
        "temperature": null,
        "generationValueDeviationRate": null,
        "generationUploadTotalOffset": null,
        "generationTotalValue": null,
        "genForUseRatio": null,
        "genForChargeRatio": null,
        "genForGridRatio": null,
        "useFromGenRatio": null,
        "useFromDischargeRatio": null,
        "useFromBuyRatio": null,
        "loss": null,
        "lossRatio": null,
        "genForCharge": null,
        "useFromDischarge": null,
        "chargeFromBuy": null,
        "chargeValueSegmentList": null,
        "dischargeValueSegmentList": null,
        "generationLoseValue": null,
        "peakGenerationPower": null,
        "peakGenerationCapacity": null,
        "peakPowerSeq": null,
        "generationSelfConsumeValue": null,
        "sunshineDuration": null,
        "forecastFutureGenerationValue": null,
        "airQualityLevel": null,
        "acPowerHours": null,
        "stationGroupId": null,
        "regionLevel1": null,
        "regionLevel2": null,
        "regionLevel3": null,
        "regionLevel4": null,
        "chargeDischargeValue": null
    },
    "stationStatisticPowerList": [],
    "stationStatisticSegmentDay": {
        "id": null,
        "systemId": null,
        "year": null,
        "month": null,
        "day": null,
        "useValuePricingTid": null,
        "useValuePricingWay": null,
        "useValueSegmentList": null,
        "buyValuePricingTid": null,
        "buyValuePricingWay": null,
        "buyValueSegmentList": null,
        "chargeValuePricingTid": null,
        "chargeValuePricingWay": null,
        "chargeValueSegmentList": null,
        "dischargeValuePricingTid": null,
        "dischargeValuePricingWay": null,
        "dischargeValueSegmentList": null,
        "genForUsePricingTid": null,
        "genForUsePricingWay": null,
        "genForUseSegmentList": null,
        "useFromDischargePricingTid": null,
        "useFromDischargePricingWay": null,
        "useFromDischargeSegmentList": null,
        "useFromBuyPricingTid": null,
        "useFromBuyPricingWay": null,
        "useFromBuySegmentList": null,
        "chargeFromBuyPricingTid": null,
        "chargeFromBuyPricingWay": null,
        "chargeFromBuySegmentList": null,
        "seq": null,
        "seqForMinute": null,
        "powerAnalysisStatParamJson": null
    },
    "dischargeValuePricingWay": null,
    "chargeValuePricingWay": null
}